<SOGGETTI>
	<SOGGETTO TipoSoggetto='Semplice'>
		<DATI_ANAGRAFICI>
			<NOME>TESTAPLI</NOME>
			<COGNOME>TESTAPLI</COGNOME>
			<DATA_NASCITA>
				<GIORNO>09</GIORNO>
				<MESE>09</MESE>
				<ANNO>1978</ANNO>
			</DATA_NASCITA>
			<CITTA_NASCITA>CHENNAI</CITTA_NASCITA>
			<PROVINCIA_NASCITA>CH</PROVINCIA_NASCITA>
			<NAZIONE_NASCITA>INDIA</NAZIONE_NASCITA>
		</DATI_ANAGRAFICI>
		<ATTRIBUTI_ESTERNI>
			<SESSO>F</SESSO>
			<PROFESSIONE>Casalinghe</PROFESSIONE>
			<STATO>Operativa</STATO>
			<LINGUA>1</LINGUA>
			<CITTADINANZA>INDIA</CITTADINANZA>
		</ATTRIBUTI_ESTERNI>
		<DATI_FISCALI>
			<CODICE_FISCALE></CODICE_FISCALE>
			<CODICE_FISCALE_ESTERO_2>cvbcvb547457</CODICE_FISCALE_ESTERO_2>
			<RESIDENZA_FISCALE_2>POLONIA</RESIDENZA_FISCALE_2>
			<RESIDENZA_FISCALE_3>TOGO</RESIDENZA_FISCALE_3>
		</DATI_FISCALI>
		<INDIRIZZI>
			<TIPO_INDIRIZZO>IRE</TIPO_INDIRIZZO>
			<INDIRIZZO>VIA LIVORNESE 41</INDIRIZZO>
			<CITTA>PISA</CITTA>
			<CAP>56100</CAP>
			<PROVINCIA>PI</PROVINCIA>
			<NAZIONE>INDIA</NAZIONE>
		</INDIRIZZI>
		<RECAPITI>
			<TIPO_RECAPITO>TEA</TIPO_RECAPITO>
			<VALORE>050542426</VALORE>
			<NOTE></NOTE>
		</RECAPITI>
		<DOCUMENTI>
			<TIPO_DOCUMENTO>Carta d'identita</TIPO_DOCUMENTO>
			<NUMERO_DOCUMENTO>cvb435435</NUMERO_DOCUMENTO>
			<ENTE_EMISSIONE>COMUNE</ENTE_EMISSIONE>
			<LUOGO_EMISSIONE>PISA</LUOGO_EMISSIONE>
			<DATA_EMISSIONE>
				<GIORNO>28</GIORNO>
				<MESE>06</MESE>
				<ANNO>2007</ANNO>
			</DATA_EMISSIONE>
			<DATA_SCADENZA>
				<GIORNO>28</GIORNO>
				<MESE>06</MESE>
				<ANNO>2017</ANNO>
			</DATA_SCADENZA>
		</DOCUMENTI>
		<DATI_PRIVACY>
			<CODICE>livello1</CODICE>
			<VALORE>true</VALORE>
		</DATI_PRIVACY>
		<DATI_PRIVACY>
			<CODICE>livello2</CODICE>
			<VALORE>true</VALORE>
		</DATI_PRIVACY>
		<DATI_PRIVACY>
			<CODICE>livello3</CODICE>
			<VALORE>true</VALORE>
		</DATI_PRIVACY>
		<DATI_PRIVACY>
			<CODICE>livello4</CODICE>
			<VALORE>true</VALORE>
		</DATI_PRIVACY>
		<DATI_PRIVACY>
			<CODICE>livello5</CODICE>
			<VALORE>true</VALORE>
		</DATI_PRIVACY>
		<DATI_PRIVACY>
			<CODICE>Profil</CODICE>
			<VALORE>true</VALORE>
		</DATI_PRIVACY>
		<COLLEGAMENTI>
			<TIPO_COLLEGAMENTO>CLINT</TIPO_COLLEGAMENTO>
			<SOGGETTO_COLLEGANTE>Banca Sella S.p.A.</SOGGETTO_COLLEGANTE>
		</COLLEGAMENTI>
		<COLLEGAMENTI>
			<TIPO_COLLEGAMENTO>CENST</TIPO_COLLEGAMENTO>
			<SOGGETTO_COLLEGANTE>Banca Sella S.p.A.</SOGGETTO_COLLEGANTE>
		</COLLEGAMENTI>
	</SOGGETTO>
</SOGGETTI>