<?xml version='1.0' encoding='UTF-8'?>
<ejb-jar xmlns="http://java.sun.com/xml/ns/j2ee" xmlns:xsi="http://www.w3.org/2001/XMLSchema-instance" version="2.1">
  <enterprise-beans>
    <session>
      <ejb-name>it.sella.anagrafe.GestoreAnagrafeImplHome</ejb-name>
      <home>it.sella.anagrafe.implementation.GestoreAnagrafeImplHome</home>
      <remote>it.sella.anagrafe.implementation.GestoreAnagrafeImpl</remote>
      <ejb-class>it.sella.anagrafe.implementation.GestoreAnagrafeImplBean</ejb-class>
      <session-type>Stateless</session-type>
      <transaction-type>Container</transaction-type>
      <env-entry>
        <env-entry-name>logLevel</env-entry-name>
        <env-entry-type>java.lang.String</env-entry-type>
        <env-entry-value>LOG_LEVEL_PRODUCTION</env-entry-value>
      </env-entry>
      <env-entry>
        <env-entry-name>OperazioneAnagrafeSessionHome</env-entry-name>
        <env-entry-type>java.lang.String</env-entry-type>
        <env-entry-value>it.sella.anagrafe.implementation.operazioneanagrafe.OperazioneAnagrafeSessionHome</env-entry-value>
      </env-entry>
      <resource-ref>
        <res-ref-name>jdbc/clientPool</res-ref-name>
        <res-type>javax.sql.DataSource</res-type>
        <res-auth>Container</res-auth>
      </resource-ref>
	  <persistence-context-ref>
		<persistence-context-ref-name>persistence/AnagrafeEntityManager</persistence-context-ref-name>
		<persistence-unit-name>AnagrafePersistence</persistence-unit-name>
	  </persistence-context-ref>
    </session>
    <session>
      <ejb-name>it.sella.anagrafe.implementation.operazioneanagrafe.OperazioneAnagrafeSessionHome</ejb-name>
      <home>it.sella.anagrafe.implementation.operazioneanagrafe.OperazioneAnagrafeSessionHome</home>
      <remote>it.sella.anagrafe.implementation.operazioneanagrafe.OperazioneAnagrafeSession</remote>
      <ejb-class>it.sella.anagrafe.implementation.operazioneanagrafe.OperazioneAnagrafeSessionBean</ejb-class>
      <session-type>Stateless</session-type>
      <transaction-type>Container</transaction-type>
      <env-entry>
        <env-entry-name>logLevel</env-entry-name>
        <env-entry-type>java.lang.String</env-entry-type>
        <env-entry-value>LOG_LEVEL_PRODUCTION</env-entry-value>
      </env-entry>
      <resource-ref>
        <res-ref-name>jdbc/clientPool</res-ref-name>
        <res-type>javax.sql.DataSource</res-type>
        <res-auth>Container</res-auth>
      </resource-ref>
	  <persistence-context-ref>
		<persistence-context-ref-name>persistence/AnagrafeEntityManager</persistence-context-ref-name>
		<persistence-unit-name>AnagrafePersistence</persistence-unit-name>
	  </persistence-context-ref>
    </session>
    <session>
      <ejb-name>it.sella.anagrafe.GeograficaValidatorImplHome</ejb-name>
      <home>it.sella.anagrafe.implementation.GeograficaValidatorImplHome</home>
      <remote>it.sella.anagrafe.implementation.GeograficaValidatorImpl</remote>
      <ejb-class>it.sella.anagrafe.implementation.GeograficaValidatorImplBean</ejb-class>
      <session-type>Stateless</session-type>
      <transaction-type>Container</transaction-type>
      <env-entry>
        <env-entry-name>logLevel</env-entry-name>
        <env-entry-type>java.lang.String</env-entry-type>
        <env-entry-value>LOG_LEVEL_PRODUCTION</env-entry-value>
      </env-entry>
      <resource-ref>
        <res-ref-name>jdbc/clientPool</res-ref-name>
        <res-type>javax.sql.DataSource</res-type>
        <res-auth>Container</res-auth>
      </resource-ref>
	  <persistence-context-ref>
		<persistence-context-ref-name>persistence/AnagrafeEntityManager</persistence-context-ref-name>
		<persistence-unit-name>AnagrafePersistence</persistence-unit-name>
	  </persistence-context-ref>
    </session>
    <session>
      <ejb-name>it.sella.anagrafe.AnagrafeManagerHome</ejb-name>
      <home>it.sella.anagrafe.implementation.AnagrafeManagerHome</home>
      <remote>it.sella.anagrafe.implementation.AnagrafeManager</remote>
      <ejb-class>it.sella.anagrafe.implementation.AnagrafeManagerBean</ejb-class>
      <session-type>Stateless</session-type>
      <transaction-type>Container</transaction-type>
      <env-entry>
        <env-entry-name>logLevel</env-entry-name>
        <env-entry-type>java.lang.String</env-entry-type>
        <env-entry-value>LOG_LEVEL_PRODUCTION</env-entry-value>
      </env-entry>
      <resource-ref>
        <res-ref-name>jdbc/clientPool</res-ref-name>
        <res-type>javax.sql.DataSource</res-type>
        <res-auth>Container</res-auth>
      </resource-ref>
	  <persistence-context-ref>
		<persistence-context-ref-name>persistence/AnagrafeEntityManager</persistence-context-ref-name>
		<persistence-unit-name>AnagrafePersistence</persistence-unit-name>
	  </persistence-context-ref>
    </session>
    <session>
      <ejb-name>it.sella.anagrafe.AnagrafeAdminHome</ejb-name>
      <home>it.sella.anagrafe.implementation.AnagrafeAdminHome</home>
      <remote>it.sella.anagrafe.implementation.AnagrafeAdmin</remote>
      <ejb-class>it.sella.anagrafe.implementation.AnagrafeAdminBean</ejb-class>
      <session-type>Stateless</session-type>
      <transaction-type>Container</transaction-type>
      <env-entry>
        <env-entry-name>logLevel</env-entry-name>
        <env-entry-type>java.lang.String</env-entry-type>
        <env-entry-value>LOG_LEVEL_PRODUCTION</env-entry-value>
      </env-entry>
      <resource-ref>
        <res-ref-name>jdbc/clientPool</res-ref-name>
        <res-type>javax.sql.DataSource</res-type>
        <res-auth>Container</res-auth>
      </resource-ref>
	  <persistence-context-ref>
		<persistence-context-ref-name>persistence/AnagrafeEntityManager</persistence-context-ref-name>
		<persistence-unit-name>AnagrafePersistence</persistence-unit-name>
	  </persistence-context-ref>
    </session>
  </enterprise-beans>
  <assembly-descriptor>
    <container-transaction>
      <method>
        <ejb-name>it.sella.anagrafe.implementation.operazioneanagrafe.OperazioneAnagrafeSessionHome</ejb-name>
        <method-intf>Remote</method-intf>
        <method-name>findByNDGNonOperativa</method-name>
      </method>
      <trans-attribute>NotSupported</trans-attribute>
    </container-transaction>
    <container-transaction>
      <method>
        <ejb-name>it.sella.anagrafe.implementation.operazioneanagrafe.OperazioneAnagrafeSessionHome</ejb-name>
        <method-intf>Remote</method-intf>
        <method-name>getDatiFiscaliPF</method-name>
      </method>
      <trans-attribute>NotSupported</trans-attribute>
    </container-transaction>
    <container-transaction>
      <method>
        <ejb-name>it.sella.anagrafe.implementation.operazioneanagrafe.OperazioneAnagrafeSessionHome</ejb-name>
        <method-intf>Remote</method-intf>
        <method-name>getDatiPrivacyPF</method-name>
      </method>
      <trans-attribute>NotSupported</trans-attribute>
    </container-transaction>
    <container-transaction>
      <method>
        <ejb-name>it.sella.anagrafe.implementation.operazioneanagrafe.OperazioneAnagrafeSessionHome</ejb-name>
        <method-intf>Remote</method-intf>
        <method-name>getDatiPrivacyPFFiveLevel</method-name>
      </method>
      <trans-attribute>NotSupported</trans-attribute>
    </container-transaction>
    <container-transaction>
      <method>
        <ejb-name>it.sella.anagrafe.implementation.operazioneanagrafe.OperazioneAnagrafeSessionHome</ejb-name>
        <method-intf>Remote</method-intf>
        <method-name>getEvento</method-name>
      </method>
      <trans-attribute>NotSupported</trans-attribute>
    </container-transaction>
    <container-transaction>
      <method>
        <ejb-name>it.sella.anagrafe.implementation.operazioneanagrafe.OperazioneAnagrafeSessionHome</ejb-name>
        <method-intf>Remote</method-intf>
        <method-name>getRecapiti</method-name>
      </method>
      <trans-attribute>NotSupported</trans-attribute>
    </container-transaction>
    <container-transaction>
      <method>
        <ejb-name>it.sella.anagrafe.implementation.operazioneanagrafe.OperazioneAnagrafeSessionHome</ejb-name>
        <method-intf>Remote</method-intf>
        <method-name>findByStato</method-name>
      </method>
      <trans-attribute>NotSupported</trans-attribute>
    </container-transaction>
    <container-transaction>
      <method>
        <ejb-name>it.sella.anagrafe.implementation.operazioneanagrafe.OperazioneAnagrafeSessionHome</ejb-name>
        <method-intf>Remote</method-intf>
        <method-name>getAltriTipoSoggetto</method-name>
      </method>
      <trans-attribute>NotSupported</trans-attribute>
    </container-transaction>
    <container-transaction>
      <method>
        <ejb-name>it.sella.anagrafe.implementation.operazioneanagrafe.OperazioneAnagrafeSessionHome</ejb-name>
        <method-intf>Remote</method-intf>
        <method-name>findByDenominazione</method-name>
      </method>
      <trans-attribute>NotSupported</trans-attribute>
    </container-transaction>
    <container-transaction>
      <method>
        <ejb-name>it.sella.anagrafe.implementation.operazioneanagrafe.OperazioneAnagrafeSessionHome</ejb-name>
        <method-intf>Remote</method-intf>
        <method-name>findByDatiAnagraficiPF</method-name>
      </method>
      <trans-attribute>NotSupported</trans-attribute>
    </container-transaction>
    <container-transaction>
      <method>
        <ejb-name>it.sella.anagrafe.implementation.operazioneanagrafe.OperazioneAnagrafeSessionHome</ejb-name>
        <method-intf>Remote</method-intf>
        <method-name>getDatiAnagraficiPF</method-name>
      </method>
      <trans-attribute>NotSupported</trans-attribute>
    </container-transaction>
    <container-transaction>
      <method>
        <ejb-name>it.sella.anagrafe.implementation.operazioneanagrafe.OperazioneAnagrafeSessionHome</ejb-name>
        <method-intf>Remote</method-intf>
        <method-name>getCompatibleTipoRecapiti</method-name>
      </method>
      <trans-attribute>NotSupported</trans-attribute>
    </container-transaction>
    <container-transaction>
      <method>
        <ejb-name>it.sella.anagrafe.implementation.operazioneanagrafe.OperazioneAnagrafeSessionHome</ejb-name>
        <method-intf>Remote</method-intf>
        <method-name>getCompatibleTipoEventi</method-name>
      </method>
      <trans-attribute>NotSupported</trans-attribute>
    </container-transaction>
    <container-transaction>
      <method>
        <ejb-name>it.sella.anagrafe.implementation.operazioneanagrafe.OperazioneAnagrafeSessionHome</ejb-name>
        <method-intf>Remote</method-intf>
        <method-name>getCompatibleTipoSocieta</method-name>
      </method>
      <trans-attribute>NotSupported</trans-attribute>
    </container-transaction>
    <container-transaction>
      <method>
        <ejb-name>it.sella.anagrafe.implementation.operazioneanagrafe.OperazioneAnagrafeSessionHome</ejb-name>
        <method-intf>Remote</method-intf>
        <method-name>getCompatibleTipoDocumeni</method-name>
      </method>
      <trans-attribute>NotSupported</trans-attribute>
    </container-transaction>
    <container-transaction>
      <method>
        <ejb-name>it.sella.anagrafe.implementation.operazioneanagrafe.OperazioneAnagrafeSessionHome</ejb-name>
        <method-intf>Remote</method-intf>
        <method-name>getCompatibleAttributiEsterni</method-name>
      </method>
      <trans-attribute>NotSupported</trans-attribute>
    </container-transaction>
    <container-transaction>
      <method>
        <ejb-name>it.sella.anagrafe.implementation.operazioneanagrafe.OperazioneAnagrafeSessionHome</ejb-name>
        <method-intf>Remote</method-intf>
        <method-name>getDocumentoPF</method-name>
      </method>
      <trans-attribute>NotSupported</trans-attribute>
    </container-transaction>
    <container-transaction>
      <method>
        <ejb-name>it.sella.anagrafe.implementation.operazioneanagrafe.OperazioneAnagrafeSessionHome</ejb-name>
        <method-intf>Remote</method-intf>
        <method-name>listCollegamento</method-name>
      </method>
      <trans-attribute>NotSupported</trans-attribute>
    </container-transaction>
    <container-transaction>
      <method>
        <ejb-name>it.sella.anagrafe.implementation.operazioneanagrafe.OperazioneAnagrafeSessionHome</ejb-name>
        <method-intf>Remote</method-intf>
        <method-name>listForPrincipalAndLinked</method-name>
      </method>
      <trans-attribute>NotSupported</trans-attribute>
    </container-transaction>
    <container-transaction>
      <method>
        <ejb-name>it.sella.anagrafe.implementation.operazioneanagrafe.OperazioneAnagrafeSessionHome</ejb-name>
        <method-intf>Remote</method-intf>
        <method-name>listCollegamento</method-name>
      </method>
      <trans-attribute>NotSupported</trans-attribute>
    </container-transaction>
    <container-transaction>
      <method>
        <ejb-name>it.sella.anagrafe.implementation.operazioneanagrafe.OperazioneAnagrafeSessionHome</ejb-name>
        <method-intf>Remote</method-intf>
        <method-name>getSoggettiColleganti</method-name>
      </method>
      <trans-attribute>NotSupported</trans-attribute>
    </container-transaction>
    <container-transaction>
      <method>
        <ejb-name>it.sella.anagrafe.implementation.operazioneanagrafe.OperazioneAnagrafeSessionHome</ejb-name>
        <method-intf>Remote</method-intf>
        <method-name>getSoggettoCollegante</method-name>
      </method>
      <trans-attribute>NotSupported</trans-attribute>
    </container-transaction>
    <container-transaction>
      <method>
        <ejb-name>it.sella.anagrafe.implementation.operazioneanagrafe.OperazioneAnagrafeSessionHome</ejb-name>
        <method-intf>Remote</method-intf>
        <method-name>getColleganteMotivoAndLinked</method-name>
      </method>
      <trans-attribute>NotSupported</trans-attribute>
    </container-transaction>
    <container-transaction>
      <method>
        <ejb-name>it.sella.anagrafe.implementation.operazioneanagrafe.OperazioneAnagrafeSessionHome</ejb-name>
        <method-intf>Remote</method-intf>
        <method-name>getPrincipaleForSoggettiColleganti</method-name>
      </method>
      <trans-attribute>NotSupported</trans-attribute>
    </container-transaction>
    <container-transaction>
      <method>
        <ejb-name>it.sella.anagrafe.implementation.operazioneanagrafe.OperazioneAnagrafeSessionHome</ejb-name>
        <method-intf>Remote</method-intf>
        <method-name>getAttributiEsterniPF</method-name>
      </method>
      <trans-attribute>NotSupported</trans-attribute>
    </container-transaction>
    <container-transaction>
      <method>
        <ejb-name>it.sella.anagrafe.implementation.operazioneanagrafe.OperazioneAnagrafeSessionHome</ejb-name>
        <method-intf>Remote</method-intf>
        <method-name>getCodiciSoggetto</method-name>
      </method>
      <trans-attribute>NotSupported</trans-attribute>
    </container-transaction>
    <container-transaction>
      <method>
        <ejb-name>it.sella.anagrafe.implementation.operazioneanagrafe.OperazioneAnagrafeSessionHome</ejb-name>
        <method-intf>Remote</method-intf>
        <method-name>getSocketRollBackLog</method-name>
      </method>
      <trans-attribute>NotSupported</trans-attribute>
    </container-transaction>
    <container-transaction>
      <method>
        <ejb-name>it.sella.anagrafe.implementation.operazioneanagrafe.OperazioneAnagrafeSessionHome</ejb-name>
        <method-intf>Remote</method-intf>
        <method-name>getExtractArt136</method-name>
      </method>
      <trans-attribute>NotSupported</trans-attribute>
    </container-transaction>
    <container-transaction>
      <method>
        <ejb-name>it.sella.anagrafe.implementation.operazioneanagrafe.OperazioneAnagrafeSessionHome</ejb-name>
        <method-intf>Remote</method-intf>
        <method-name>listCollegamento</method-name>
      </method>
      <trans-attribute>NotSupported</trans-attribute>
    </container-transaction>
    <container-transaction>
      <method>
        <ejb-name>it.sella.anagrafe.implementation.operazioneanagrafe.OperazioneAnagrafeSessionHome</ejb-name>
        <method-intf>Remote</method-intf>
        <method-name>getAllSocketRollBackLogStatus</method-name>
      </method>
      <trans-attribute>NotSupported</trans-attribute>
    </container-transaction>
    <container-transaction>
      <method>
        <ejb-name>it.sella.anagrafe.implementation.operazioneanagrafe.OperazioneAnagrafeSessionHome</ejb-name>
        <method-intf>Remote</method-intf>
        <method-name>getSocketRollBackLog</method-name>
      </method>
      <trans-attribute>NotSupported</trans-attribute>
    </container-transaction>
    <container-transaction>
      <method>
        <ejb-name>it.sella.anagrafe.implementation.operazioneanagrafe.OperazioneAnagrafeSessionHome</ejb-name>
        <method-intf>Remote</method-intf>
        <method-name>getAllExtendArt136Scan</method-name>
      </method>
      <trans-attribute>NotSupported</trans-attribute>
    </container-transaction>
    <container-transaction>
      <method>
        <ejb-name>it.sella.anagrafe.implementation.operazioneanagrafe.OperazioneAnagrafeSessionHome</ejb-name>
        <method-intf>Remote</method-intf>
        <method-name>updateAnagrafeLog</method-name>
        <method-params>
          <method-param>java.lang.Long</method-param>
          <method-param>java.lang.Long</method-param>
          <method-param>java.lang.String</method-param>
        </method-params>
      </method>
      <trans-attribute>RequiresNew</trans-attribute>
    </container-transaction>
    <container-transaction>
      <method>
        <ejb-name>it.sella.anagrafe.implementation.operazioneanagrafe.OperazioneAnagrafeSessionHome</ejb-name>
        <method-intf>Remote</method-intf>
        <method-name>updateAmministratoriBancaInHost</method-name>
        <method-params>
          <method-param>it.sella.anagrafe.UpdateAMMBAScanView</method-param>
          <method-param>java.lang.String</method-param>
        </method-params>
      </method>
      <trans-attribute>RequiresNew</trans-attribute>
    </container-transaction>
    <container-transaction>
      <method>
        <ejb-name>it.sella.anagrafe.implementation.operazioneanagrafe.OperazioneAnagrafeSessionHome</ejb-name>
        <method-intf>Remote</method-intf>
        <method-name>createLogHOSTCall</method-name>
      </method>
      <trans-attribute>RequiresNew</trans-attribute>
    </container-transaction>
    <container-transaction>
      <method>
        <ejb-name>it.sella.anagrafe.implementation.operazioneanagrafe.OperazioneAnagrafeSessionHome</ejb-name>
        <method-intf>Remote</method-intf>
        <method-name>createLogHOSTOperationData</method-name>
      </method>
      <trans-attribute>RequiresNew</trans-attribute>
    </container-transaction>
    <container-transaction>
      <method>
        <ejb-name>it.sella.anagrafe.implementation.operazioneanagrafe.OperazioneAnagrafeSessionHome</ejb-name>
        <method-intf>Remote</method-intf>
        <method-name>setSocketRollBackLog</method-name>
      </method>
      <trans-attribute>RequiresNew</trans-attribute>
    </container-transaction>
    <container-transaction>
      <method>
        <ejb-name>it.sella.anagrafe.implementation.operazioneanagrafe.OperazioneAnagrafeSessionHome</ejb-name>
        <method-intf>Remote</method-intf>
        <method-name>getMessage</method-name>
      </method>
      <trans-attribute>RequiresNew</trans-attribute>
    </container-transaction>
    <container-transaction>
      <method>
        <ejb-name>it.sella.anagrafe.implementation.operazioneanagrafe.OperazioneAnagrafeSessionHome</ejb-name>
        <method-intf>Remote</method-intf>
        <method-name>logMessageForAnagrafeManager</method-name>
      </method>
      <trans-attribute>RequiresNew</trans-attribute>
    </container-transaction>
    <container-transaction>
      <method>
        <ejb-name>it.sella.anagrafe.implementation.operazioneanagrafe.OperazioneAnagrafeSessionHome</ejb-name>
        <method-intf>Remote</method-intf>
        <method-name>getLoginSoggettoId</method-name>
      </method>
      <trans-attribute>RequiresNew</trans-attribute>
    </container-transaction>
    <container-transaction>
      <method>
        <ejb-name>it.sella.anagrafe.implementation.operazioneanagrafe.OperazioneAnagrafeSessionHome</ejb-name>
        <method-intf>Remote</method-intf>
        <method-name>updateExtendArt136ScanStatus</method-name>
      </method>
      <trans-attribute>RequiresNew</trans-attribute>
    </container-transaction>
    <container-transaction>
      <method>
        <ejb-name>it.sella.anagrafe.implementation.operazioneanagrafe.OperazioneAnagrafeSessionHome</ejb-name>
        <method-intf>Remote</method-intf>
        <method-name>isExistsDocumento</method-name>
      </method>
      <trans-attribute>NotSupported</trans-attribute>
    </container-transaction>
    <container-transaction>
      <method>
        <ejb-name>it.sella.anagrafe.implementation.operazioneanagrafe.OperazioneAnagrafeSessionHome</ejb-name>
        <method-intf>Remote</method-intf>
        <method-name>getAllMigrationPKId</method-name>
      </method>
      <trans-attribute>NotSupported</trans-attribute>
    </container-transaction>
    <container-transaction>
      <method>
        <ejb-name>it.sella.anagrafe.implementation.operazioneanagrafe.OperazioneAnagrafeSessionHome</ejb-name>
        <method-intf>Remote</method-intf>
        <method-name>setMigrationStatus</method-name>
      </method>
      <trans-attribute>RequiresNew</trans-attribute>
    </container-transaction>
    <container-transaction>
      <method>
        <ejb-name>it.sella.anagrafe.implementation.operazioneanagrafe.OperazioneAnagrafeSessionHome</ejb-name>
        <method-intf>Remote</method-intf>
        <method-name>getMigrationInputData</method-name>
      </method>
      <trans-attribute>NotSupported</trans-attribute>
    </container-transaction>
    <container-transaction>
      <method>
        <ejb-name>it.sella.anagrafe.implementation.operazioneanagrafe.OperazioneAnagrafeSessionHome</ejb-name>
        <method-intf>Remote</method-intf>
        <method-name>getMigratedData</method-name>
      </method>
      <trans-attribute>NotSupported</trans-attribute>
    </container-transaction>
    <container-transaction>
      <method>
        <ejb-name>it.sella.anagrafe.implementation.operazioneanagrafe.OperazioneAnagrafeSessionHome</ejb-name>
        <method-intf>Remote</method-intf>
        <method-name>getExistSoggettoOutputData</method-name>
      </method>
      <trans-attribute>NotSupported</trans-attribute>
    </container-transaction>
     <container-transaction>
      <method>
        <ejb-name>it.sella.anagrafe.implementation.operazioneanagrafe.OperazioneAnagrafeSessionHome</ejb-name>
        <method-intf>Remote</method-intf>
        <method-name>updateAutoCensitoStatus</method-name>
      </method>
      <trans-attribute>RequiresNew</trans-attribute>
    </container-transaction>
    <container-transaction>
      <method>
        <ejb-name>it.sella.anagrafe.implementation.operazioneanagrafe.OperazioneAnagrafeSessionHome</ejb-name>
        <method-intf>Remote</method-intf>
        <method-name>createSellaLifeCustomer</method-name>
      </method>
      <trans-attribute>RequiresNew</trans-attribute>
    </container-transaction>
    <container-transaction>
      <method>
        <ejb-name>it.sella.anagrafe.implementation.operazioneanagrafe.OperazioneAnagrafeSessionHome</ejb-name>
        <method-intf>Remote</method-intf>
        <method-name>terminateSoggetto</method-name>
      </method>
      <trans-attribute>RequiresNew</trans-attribute>
    </container-transaction>
     <container-transaction>
      <method>
        <ejb-name>it.sella.anagrafe.implementation.operazioneanagrafe.OperazioneAnagrafeSessionHome</ejb-name>
        <method-intf>Remote</method-intf>
        <method-name>updateProcessedPosteStatus</method-name>
      </method>
      <trans-attribute>RequiresNew</trans-attribute>
    </container-transaction>    
    <container-transaction>
      <method>
        <ejb-name>it.sella.anagrafe.implementation.operazioneanagrafe.OperazioneAnagrafeSessionHome</ejb-name>
        <method-intf>Remote</method-intf>
        <method-name>*</method-name>
      </method>
      <trans-attribute>Required</trans-attribute>
    </container-transaction>
    <container-transaction>
      <method>
        <ejb-name>it.sella.anagrafe.AnagrafeManagerHome</ejb-name>
        <method-intf>Remote</method-intf>
        <method-name>ricerca</method-name>
      </method>
      <trans-attribute>NotSupported</trans-attribute>
    </container-transaction>
    <container-transaction>
      <method>
        <ejb-name>it.sella.anagrafe.AnagrafeManagerHome</ejb-name>
        <method-intf>Remote</method-intf>
        <method-name>getSoggetto</method-name>
      </method>
      <trans-attribute>NotSupported</trans-attribute>
    </container-transaction>
    <container-transaction>
      <method>
        <ejb-name>it.sella.anagrafe.AnagrafeManagerHome</ejb-name>
        <method-intf>Remote</method-intf>
        <method-name>creaSoggettoXMLForBPAAutoCens</method-name>
      </method>
      <trans-attribute>RequiresNew</trans-attribute>
    </container-transaction>
    <container-transaction>
      <method>
        <ejb-name>it.sella.anagrafe.AnagrafeManagerHome</ejb-name>
        <method-intf>Remote</method-intf>
        <method-name>*</method-name>
      </method>
      <trans-attribute>Required</trans-attribute>
    </container-transaction>
    <container-transaction>
      <method>
        <ejb-name>it.sella.anagrafe.AnagrafeAdminHome</ejb-name>
        <method-intf>Remote</method-intf>
        <method-name>*</method-name>
      </method>
      <trans-attribute>Required</trans-attribute>
    </container-transaction>
    <container-transaction>
      <method>
        <ejb-name>it.sella.anagrafe.GeograficaValidatorImplHome</ejb-name>
        <method-intf>Remote</method-intf>
        <method-name>*</method-name>
      </method>
      <trans-attribute>NotSupported</trans-attribute>
    </container-transaction>
    <container-transaction>
      <method>
        <ejb-name>it.sella.anagrafe.GestoreAnagrafeImplHome</ejb-name>
        <method-intf>Remote</method-intf>
        <method-name>setCodiceValues</method-name>
      </method>
      <trans-attribute>Required</trans-attribute>
    </container-transaction>
    <container-transaction>
      <method>
        <ejb-name>it.sella.anagrafe.GestoreAnagrafeImplHome</ejb-name>
        <method-intf>Remote</method-intf>
        <method-name>createCollegamento</method-name>
      </method>
      <trans-attribute>Required</trans-attribute>
    </container-transaction>
    <container-transaction>
      <method>
        <ejb-name>it.sella.anagrafe.GestoreAnagrafeImplHome</ejb-name>
        <method-intf>Remote</method-intf>
        <method-name>createEventi</method-name>
      </method>
      <trans-attribute>Required</trans-attribute>
    </container-transaction>
    <container-transaction>
      <method>
        <ejb-name>it.sella.anagrafe.GestoreAnagrafeImplHome</ejb-name>
        <method-intf>Remote</method-intf>
        <method-name>TerminateLink</method-name>
      </method>
      <trans-attribute>Required</trans-attribute>
    </container-transaction>
    <container-transaction>
      <method>
        <ejb-name>it.sella.anagrafe.GestoreAnagrafeImplHome</ejb-name>
        <method-intf>Remote</method-intf>
        <method-name>terminateLink</method-name>
      </method>
      <trans-attribute>Required</trans-attribute>
    </container-transaction>
    <container-transaction>
      <method>
        <ejb-name>it.sella.anagrafe.GestoreAnagrafeImplHome</ejb-name>
        <method-intf>Remote</method-intf>
        <method-name>gestoreAnagrafeBiboEvento</method-name>
      </method>
      <trans-attribute>Required</trans-attribute>
    </container-transaction>
    <container-transaction>
      <method>
        <ejb-name>it.sella.anagrafe.GestoreAnagrafeImplHome</ejb-name>
        <method-intf>Remote</method-intf>
        <method-name>gestoreAnagrafeBiboSconfino</method-name>
      </method>
      <trans-attribute>Required</trans-attribute>
    </container-transaction>
    <container-transaction>
      <method>
        <ejb-name>it.sella.anagrafe.GestoreAnagrafeImplHome</ejb-name>
        <method-intf>Remote</method-intf>
        <method-name>gestoreAnagrafeBiboDipct</method-name>
      </method>
      <trans-attribute>Required</trans-attribute>
    </container-transaction>
    <container-transaction>
      <method>
        <ejb-name>it.sella.anagrafe.GestoreAnagrafeImplHome</ejb-name>
        <method-intf>Remote</method-intf>
        <method-name>gestoreAnagrafeBiboProct</method-name>
      </method>
      <trans-attribute>Required</trans-attribute>
    </container-transaction>
    <container-transaction>
      <method>
        <ejb-name>it.sella.anagrafe.GestoreAnagrafeImplHome</ejb-name>
        <method-intf>Remote</method-intf>
        <method-name>gestoreAnagrafeBiboSvilct</method-name>
      </method>
      <trans-attribute>Required</trans-attribute>
    </container-transaction>
    <container-transaction>
      <method>
        <ejb-name>it.sella.anagrafe.GestoreAnagrafeImplHome</ejb-name>
        <method-intf>Remote</method-intf>
        <method-name>gestoreAnagrafeAmministratoreBanca</method-name>
      </method>
      <trans-attribute>Required</trans-attribute>
    </container-transaction>
    <container-transaction>
      <method>
        <ejb-name>it.sella.anagrafe.GestoreAnagrafeImplHome</ejb-name>
        <method-intf>Remote</method-intf>
        <method-name>createMemo</method-name>
      </method>
      <trans-attribute>Required</trans-attribute>
    </container-transaction>
    <container-transaction>
      <method>
        <ejb-name>it.sella.anagrafe.GestoreAnagrafeImplHome</ejb-name>
        <method-intf>Remote</method-intf>
        <method-name>createVirtualUser</method-name>
      </method>
      <trans-attribute>Required</trans-attribute>
    </container-transaction>
    <container-transaction>
      <method>
        <ejb-name>it.sella.anagrafe.GestoreAnagrafeImplHome</ejb-name>
        <method-intf>Remote</method-intf>
        <method-name>deleteAllMemo</method-name>
      </method>
      <trans-attribute>Required</trans-attribute>
    </container-transaction>
    <container-transaction>
      <method>
        <ejb-name>it.sella.anagrafe.GestoreAnagrafeImplHome</ejb-name>
        <method-intf>Remote</method-intf>
        <method-name>deleteMemo</method-name>
      </method>
      <trans-attribute>Required</trans-attribute>
    </container-transaction>
    <container-transaction>
      <method>
        <ejb-name>it.sella.anagrafe.GestoreAnagrafeImplHome</ejb-name>
        <method-intf>Remote</method-intf>
        <method-name>replaceCollegamento</method-name>
      </method>
      <trans-attribute>Required</trans-attribute>
    </container-transaction>
    <container-transaction>
      <method>
        <ejb-name>it.sella.anagrafe.GestoreAnagrafeImplHome</ejb-name>
        <method-intf>Remote</method-intf>
        <method-name>setAltriDatiFiscali</method-name>
      </method>
      <trans-attribute>Required</trans-attribute>
    </container-transaction>
    <container-transaction>
      <method>
        <ejb-name>it.sella.anagrafe.GestoreAnagrafeImplHome</ejb-name>
        <method-intf>Remote</method-intf>
        <method-name>setAttributiEsterni</method-name>
      </method>
      <trans-attribute>Required</trans-attribute>
    </container-transaction>
    <container-transaction>
      <method>
        <ejb-name>it.sella.anagrafe.GestoreAnagrafeImplHome</ejb-name>
        <method-intf>Remote</method-intf>
        <method-name>updateMemo</method-name>
      </method>
      <trans-attribute>Required</trans-attribute>
    </container-transaction>
    <container-transaction>
      <method>
        <ejb-name>it.sella.anagrafe.GestoreAnagrafeImplHome</ejb-name>
        <method-intf>Remote</method-intf>
        <method-name>updateSconf</method-name>
      </method>
      <trans-attribute>Required</trans-attribute>
    </container-transaction>
    <container-transaction>
      <method>
        <ejb-name>it.sella.anagrafe.GestoreAnagrafeImplHome</ejb-name>
        <method-intf>Remote</method-intf>
        <method-name>setOttoCifreCifrati</method-name>
      </method>
      <trans-attribute>Required</trans-attribute>
    </container-transaction>
    <container-transaction>
      <method>
        <ejb-name>it.sella.anagrafe.GestoreAnagrafeImplHome</ejb-name>
        <method-intf>Remote</method-intf>
        <method-name>setRecapitiBasedOnOperation</method-name>
      </method>
      <trans-attribute>Required</trans-attribute>
    </container-transaction>
    <container-transaction>
      <method>
        <ejb-name>it.sella.anagrafe.GestoreAnagrafeImplHome</ejb-name>
        <method-intf>Remote</method-intf>
        <method-name>setClienteClassificazione</method-name>
      </method>
      <trans-attribute>Required</trans-attribute>
    </container-transaction>
    <container-transaction>
      <method>
        <ejb-name>it.sella.anagrafe.GestoreAnagrafeImplHome</ejb-name>
        <method-intf>Remote</method-intf>
        <method-name>setFirmaGrafometrica</method-name>
      </method>
      <trans-attribute>Required</trans-attribute>
    </container-transaction>
    <container-transaction>
      <method>
        <ejb-name>it.sella.anagrafe.GestoreAnagrafeImplHome</ejb-name>
        <method-intf>Remote</method-intf>
        <method-name>calculateAndSetDAIForSoggetto</method-name>
      </method>
      <trans-attribute>Required</trans-attribute>
    </container-transaction>    
    <container-transaction>
      <method>
        <ejb-name>it.sella.anagrafe.GestoreAnagrafeImplHome</ejb-name>
        <method-intf>Remote</method-intf>
        <method-name>*</method-name>
      </method>
      <trans-attribute>NotSupported</trans-attribute>
    </container-transaction>
  </assembly-descriptor>
</ejb-jar>
