<?xml version="1.0" encoding="UTF-8"?>
<beans xmlns="http://www.springframework.org/schema/beans"
  xmlns:xsi="http://www.w3.org/2001/XMLSchema-instance"
  xmlns:aop="http://www.springframework.org/schema/aop"
	xmlns:context="http://www.springframework.org/schema/context"
	xsi:schemaLocation="http://www.springframework.org/schema/beans
           http://www.springframework.org/schema/beans/spring-beans-2.5.xsd">
	<!-- dao  -->
	<bean id="INazioneDAO" class="it.sella.address.egon.dao.implementation.NazioneDAOImpl" scope="prototype"/>
	<bean id="ICittaDAO" class="it.sella.address.egon.dao.implementation.CittaDAOImpl" scope="prototype"/>
	<bean id="ICapDAO" class="it.sella.address.egon.dao.implementation.CapDAOImpl" scope="prototype"/>
	<bean id="IProvinciaDAO" class="it.sella.address.egon.dao.implementation.ProvinciaDAOImpl" scope="prototype"/>
	<bean id="IIndirizziDAO" class="it.sella.address.egon.dao.implementation.IndirizziDAOImpl" scope="prototype"/>
	<bean id="INormalisationDAO" class="it.sella.address.egon.dao.implementation.NormalisationDAOImpl" scope="prototype"/>


	<!-- manager class -->
	<bean id="EgonCapDAODelegator" class="it.sella.address.egon.delegator.EgonCapDAODelegator" scope="prototype"/>
	<bean id="EgonCittaDAODelegator" class="it.sella.address.egon.delegator.EgonCittaDAODelegator" scope="prototype"/>
	<bean id="EgonProvinciaDAODelegator" class="it.sella.address.egon.delegator.EgonProvinciaDAODelegator" scope="prototype"/>
	<bean id="EgonNormalisationDAODelegator" class="it.sella.address.egon.delegator.EgonNormalisationDAODelegator" scope="prototype"/>
	<bean id="EgonIndirizziDAODelegator" class="it.sella.address.egon.delegator.EgonIndirizziDAODelegator" scope="prototype"/>
	<bean id="EgonNazioneDAODelegator" class="it.sella.address.egon.delegator.EgonNazioneDAODelegator" scope="prototype"/>


	<!-- External API Call -->
	<bean id="AnagrafeHandler" class="it.sella.address.implementation.util.AnagrafeHandler" scope="prototype"/>
	<bean id="ClassificazioneHandler" class="it.sella.address.implementation.util.ClassificazioneHandler" scope="prototype"/>
	<bean id="SecurityHandler" class="it.sella.address.implementation.util.SecurityHandler" scope="prototype"/>

	<!--  jdbc template -->
	<bean id="dataSourceFactory" class="it.sella.sql.DataSourceFactory" factory-method="getInstance" />
	<bean id="dataSource" factory-method="getDataSource" factory-bean="dataSourceFactory" />
	<bean id="jdbcTemplateDAO" class="it.sella.address.egon.dao.daotemplate.JDBCTemplateDAO" scope="prototype">
		<property name="dataSource" ref="dataSource" />
	</bean>



</beans>