<?xml version='1.0' encoding='UTF-8'?>
<ejb-jar xmlns="http://java.sun.com/xml/ns/j2ee" xmlns:xsi="http://www.w3.org/2001/XMLSchema-instance" version="2.1">
  <enterprise-beans>
    <session>
      <ejb-name>it.sella.address.implementation.AddressManagerHome</ejb-name>
      <home>it.sella.address.implementation.AddressManagerHome</home>
      <remote>it.sella.address.implementation.AddressManager</remote>
      <ejb-class>it.sella.address.implementation.AddressManagerBean</ejb-class>
      <session-type>Stateless</session-type>
      <transaction-type>Container</transaction-type>
      <env-entry>
        <env-entry-name>logLevel</env-entry-name>
        <env-entry-type>java.lang.String</env-entry-type>
        <env-entry-value>LOG_LEVEL_PRODUCTION</env-entry-value>
      </env-entry>
      <resource-ref>
        <res-ref-name>jdbc/clientPool</res-ref-name>
        <res-type>javax.sql.DataSource</res-type>
        <res-auth>Container</res-auth>
      </resource-ref>
      <persistence-context-ref>
		<persistence-context-ref-name>persistence/AddressEntityManager</persistence-context-ref-name>
		<persistence-unit-name>AddressPersistence</persistence-unit-name>
	  </persistence-context-ref>
    </session>
    <session>
      <ejb-name>it.sella.address.implementation.AddressAdminHome</ejb-name>
      <home>it.sella.address.implementation.AddressAdminHome</home>
      <remote>it.sella.address.implementation.AddressAdmin</remote>
      <ejb-class>it.sella.address.implementation.AddressAdminBean</ejb-class>
      <session-type>Stateless</session-type>
      <transaction-type>Container</transaction-type>
      <env-entry>
        <env-entry-name>logLevel</env-entry-name>
        <env-entry-type>java.lang.String</env-entry-type>
        <env-entry-value>LOG_LEVEL_PRODUCTION</env-entry-value>
      </env-entry>
      <resource-ref>
        <res-ref-name>jdbc/clientPool</res-ref-name>
        <res-type>javax.sql.DataSource</res-type>
        <res-auth>Container</res-auth>
      </resource-ref>
      <persistence-context-ref>
		<persistence-context-ref-name>persistence/AddressEntityManager</persistence-context-ref-name>
		<persistence-unit-name>AddressPersistence</persistence-unit-name>
	  </persistence-context-ref>
    </session>
  </enterprise-beans>
  <assembly-descriptor>
  <container-transaction>
      <method>
        <ejb-name>it.sella.address.implementation.AddressManagerHome</ejb-name>
        <method-intf>Remote</method-intf>
        <method-name>createAddress</method-name>
      </method>
      <trans-attribute>Required</trans-attribute>
    </container-transaction>
    <container-transaction>
      <method>
        <ejb-name>it.sella.address.implementation.AddressManagerHome</ejb-name>
        <method-intf>Remote</method-intf>
        <method-name>setAddress</method-name>
      </method>
      <trans-attribute>Required</trans-attribute>
    </container-transaction>
    <container-transaction>
      <method>
        <ejb-name>it.sella.address.implementation.AddressManagerHome</ejb-name>
        <method-intf>Remote</method-intf>
        <method-name>updateSoggetto</method-name>
      </method>
      <trans-attribute>Required</trans-attribute>
    </container-transaction>
    <container-transaction>
      <method>
        <ejb-name>it.sella.address.implementation.AddressManagerHome</ejb-name>
        <method-intf>Remote</method-intf>
        <method-name>modificaInternal</method-name>
      </method>
      <trans-attribute>Required</trans-attribute>
    </container-transaction>
    <container-transaction>
      <method>
        <ejb-name>it.sella.address.implementation.AddressManagerHome</ejb-name>
        <method-intf>Remote</method-intf>
        <method-name>gestoreAccountAddress</method-name>
      </method>
      <trans-attribute>Required</trans-attribute>
    </container-transaction>
    <container-transaction>
      <method>
        <ejb-name>it.sella.address.implementation.AddressManagerHome</ejb-name>
        <method-intf>Remote</method-intf>
        <method-name>removeProductAddress</method-name>
      </method>
      <trans-attribute>Required</trans-attribute>
    </container-transaction>
    <container-transaction>
      <method>
        <ejb-name>it.sella.address.implementation.AddressManagerHome</ejb-name>
        <method-intf>Remote</method-intf>
        <method-name>swapProductAddressPerSoggetto</method-name>
      </method>
      <trans-attribute>Required</trans-attribute>
    </container-transaction>
    <container-transaction>
      <method>
        <ejb-name>it.sella.address.implementation.AddressManagerHome</ejb-name>
        <method-intf>Remote</method-intf>
        <method-name>setDOMOL</method-name>
      </method>
      <trans-attribute>Required</trans-attribute>
    </container-transaction>
    <container-transaction>
      <method>
        <ejb-name>it.sella.address.implementation.AddressManagerHome</ejb-name>
        <method-intf>Remote</method-intf>
        <method-name>removeDOMOL</method-name>
      </method>
      <trans-attribute>Required</trans-attribute>
    </container-transaction>
    <container-transaction>
      <method>
        <ejb-name>it.sella.address.implementation.AddressManagerHome</ejb-name>
        <method-intf>Remote</method-intf>
        <method-name>*</method-name>
      </method>
      <trans-attribute>NotSupported</trans-attribute>
    </container-transaction>
    <container-transaction>
      <method>
        <ejb-name>it.sella.address.implementation.AddressAdminHome</ejb-name>
        <method-intf>Remote</method-intf>
        <method-name>updateAnagrafeLog</method-name>
      </method>
      <trans-attribute>RequiresNew</trans-attribute>
    </container-transaction>
    <container-transaction>
      <method>
        <ejb-name>it.sella.address.implementation.AddressAdminHome</ejb-name>
        <method-intf>Remote</method-intf>
        <method-name>*</method-name>
      </method>
      <trans-attribute>Required</trans-attribute>
    </container-transaction>
  </assembly-descriptor>
</ejb-jar>
