<?xml version='1.0' encoding='utf-8'?>
<weblogic-ejb-jar xmlns="http://www.bea.com/ns/weblogic/90"
	xmlns:xsi="http://www.w3.org/2001/XMLSchema-instance">
	<weblogic-enterprise-bean>
		<ejb-name>it.sella.address.implementation.AddressManagerHome</ejb-name>
		<stateless-session-descriptor>
			<pool></pool>
			<stateless-clustering></stateless-clustering>
		</stateless-session-descriptor>
		<resource-description>
			<res-ref-name>jdbc/clientPool</res-ref-name>
			<jndi-name>weblogic.jdbc.jts.clientPool</jndi-name>
		</resource-description>
		<enable-call-by-reference>true</enable-call-by-reference>
		<jndi-name>it.sella.address.implementation.AddressManagerHome</jndi-name>
	</weblogic-enterprise-bean>
	<weblogic-enterprise-bean>
		<ejb-name>it.sella.address.implementation.AddressAdminHome</ejb-name>
		<stateless-session-descriptor>
			<pool></pool>
			<stateless-clustering></stateless-clustering>
		</stateless-session-descriptor>
		<resource-description>
			<res-ref-name>jdbc/clientPool</res-ref-name>
			<jndi-name>weblogic.jdbc.jts.clientPool</jndi-name>
		</resource-description>
		<enable-call-by-reference>true</enable-call-by-reference>
		<jndi-name>it.sella.address.implementation.AddressAdminHome</jndi-name>
	</weblogic-enterprise-bean>
	<transaction-isolation>
		<isolation-level>TransactionReadCommitted</isolation-level>
		<method>
			<ejb-name>it.sella.address.implementation.AddressManagerHome</ejb-name>
			<method-intf>Remote</method-intf>
			<method-name>*</method-name>
		</method>
	</transaction-isolation>
	<transaction-isolation>
		<isolation-level>TransactionReadCommitted</isolation-level>
		<method>
			<ejb-name>it.sella.address.implementation.AddressAdminHome</ejb-name>
			<method-intf>Remote</method-intf>
			<method-name>*</method-name>
		</method>
	</transaction-isolation>
	<idempotent-methods>
		<method>
			<ejb-name>it.sella.address.implementation.AddressManagerHome</ejb-name>
			<method-name>*</method-name>
		</method>
		<method>
			<ejb-name>it.sella.address.implementation.AddressAdminHome</ejb-name>
			<method-name>*</method-name>
		</method>
	</idempotent-methods>
	<weblogic-compatibility>
		<entity-always-uses-transaction>true</entity-always-uses-transaction>
	</weblogic-compatibility>
</weblogic-ejb-jar>
