<?xml version="1.0" encoding="UTF-8"?>

<!DOCTYPE StateMachine PUBLIC "-//SELLA//DTD StateMachine 1.0//EN" "StateMachine.dtd">

<StateMachine Name="AddressNormalization" Secure="true">

    <State Name="AddressNormalizationHomePage" Default="true">
       <Event Name="Annulla"  >
         	<Transition Name="TrConferma" Target="Pop"/>
   	   </Event>
   	   <Event Name="Transfer" >
   		 	<Transition Name="TrConferma" Target="AddressNormalizationFileUpload"/>
   	   </Event>
   	   <Event Name="SaveData" 
   	   			Executer="it.sella.anagrafe.sm.addressnormalization.AddressNormalizationInsertExecuter" >
        	<Transition Name="TrConferma" Target="AddressNormalizationHomePage"/>
    	</Event>
    	<Event Name="ClearData" 
    			Executer="it.sella.anagrafe.sm.addressnormalization.AddressNormalizationDeleteExecuter"  >
        	<Transition Name="TrConferma" Target="AddressNormalizationHomePage"/>
    	</Event>
		<Event Name="ShowFile" 
    			Executer="it.sella.anagrafe.sm.addressnormalization.AddressNormalizationLoadExecuter"  >
        	<Transition Name="TrConferma" Target="AddressNormalizationHomePage"/>
    	</Event>
    </State>
     
     <State Name="AddressNormalizationFileUpload">
        <Event Name="Conferma" >
           	<Transition Name="TrConferma" Target="AddressNormalizationHomePage"/>
       	</Event>
     </State>
    
      <State Name="Pop" Final="true">
      </State>
      
      <IOParams>
        <Input Params=""/>
        <Output Params=""/>
      </IOParams>
      
</StateMachine>