<?xml version="1.0" encoding="UTF-8"?>

<!DOCTYPE StateMachine PUBLIC "-//SELLA//DTD StateMachine 1.0//EN" "StateMachine.dtd">

<StateMachine Name="AlboProfessioneAdmin" Secure="true">
	<IOParams>
		<Input Params="" />
		<Output Params="" />
	</IOParams>
	
	<State Name="AlboProfessioneAdminInput" Default="true">
	
		<Event Name="Conferma" Executer="it.sella.anagrafe.sm.admin.alboprofessione.AlboProfessioneExecuter" Retrieve="ALBO_PROF_VIEW">
			<Transition Name="TrConferma" Target="AlboProfessioneModifica" />
			<Transition Name="TrNonConferma" Target="AlboProfessioneAdminInput"/>
		</Event>
		
		<Event Name="Insert" Clear="ALBO_PROF_VIEW">
			<Transition Name="TrConferma" Target="AlboProfessioneInsert" />
		</Event>
		
		<Event Name="Annulla" Clear="ALBO_PROF_VIEW">
			<Transition Name="TrAnnulla" Target="Pop"/>
		</Event>
		
	</State>
	
	
	<State Name="AlboProfessioneModifica">
	
		<Event Name="DefEvent" Retrieve="ALBO_PROF_VIEW,NEW_ALBO_VIEW" Default="true" />
		
		<Event Name="Conferma" Executer="it.sella.anagrafe.sm.admin.alboprofessione.AlboProfessioneModificaExecuter" Retrieve="ALBO_PROF_VIEW,NEW_ALBO_VIEW">
			<Transition Name="TrConferma" Target="AlboModificaConfermaPage" />
			<Transition Name="TrNonConferma" Target="AlboProfessioneModifica" />
		</Event>
		
		<Event Name="Delete">
            <Transition Name="TrConferma" Target="AlboDetailsDisplay" />
        </Event>
		
		<Event Name="Indietro" Clear="ALBO_PROF_VIEW,NEW_ALBO_VIEW">
			<Transition Name="TrIndietro" Target="AlboProfessioneAdminInput" />
		</Event>
				
	</State>
	
	<State Name="AlboModificaConfermaPage">
	
		<Event Name="DefaultEvent" Retrieve="ALBO_PROF_VIEW,NEW_ALBO_VIEW" Default="true" />
		
		<Event Name="Conferma" Executer="it.sella.anagrafe.sm.admin.alboprofessione.AlboProfModificaConfermaExecuter" Retrieve="ALBO_PROF_VIEW,NEW_ALBO_VIEW">
			<Transition Name="TrConferma" Target="AlboProfessioneAdminInput" />
			<Transition Name="TrNonConferma" Target="AlboModificaConfermaPage" />
		</Event>		
			
		<Event Name="Indietro">
			<Transition Name="TrIndietro" Target="AlboProfessioneModifica" />
		</Event>
		
		<Event Name="Annulla" Clear="ALBO_PROF_VIEW,NEW_ALBO_VIEW">
			<Transition Name="TrAnnulla" Target="Pop"/>
		</Event>
		        
	</State>
	
	<State Name="AlboDetailsDisplay">
	
		<Event Name="DefaultEvent" Retrieve="ALBO_PROF_VIEW" Default="true" />
		
		<Event Name="Annulla" Clear="ALBO_PROF_VIEW,NEW_ALBO_VIEW">
            <Transition Name="TrAnnulla" Target="Pop"/>
        </Event>
	
		<Event Name="Indietro">
			<Transition Name="TrIndietro" Target="AlboProfessioneModifica" />
		</Event>
		    
        <Event Name="Delete" Executer="it.sella.anagrafe.sm.admin.alboprofessione.AlboProfessioneDeleteExecuter" Retrieve="ALBO_PROF_VIEW">
			<Transition Name="TrConferma" Target="AlboProfessioneAdminInput"/>
			<Transition Name="TrNonConferma" Target="AlboDetailsDisplay"/>
		</Event>
		
	</State>
	
	<State Name="AlboProfessioneInsert">
	
		<Event Name="Conferma" Executer="it.sella.anagrafe.sm.admin.alboprofessione.AlboProfessioneInsertExecuter" Retrieve="EnteredAlboProfView">
			<Transition Name="TrConferma" Target="AlboProfessioneAdminInput" />
			<Transition Name="TrNonConferma" Target="AlboProfessioneInsert" />
		</Event>
		
		<Event Name="Indietro" Clear="EnteredAlboProfView">
			<Transition Name="TrConferma" Target="AlboProfessioneAdminInput"/>
		</Event>
		
		<Event Name="Annulla" Clear="EnteredAlboProfView">
			<Transition Name="TrAnnulla" Target="Pop"/>
		</Event>
		
	</State>
		
	<State Name="Pop" Final="true">
	</State>

</StateMachine>