<?xml version="1.0" encoding="UTF-8"?>

<!DOCTYPE StateMachine PUBLIC "-//SELLA//DTD StateMachine 1.0//EN" "StateMachine.dtd">

<StateMachine Name="AnagFTPFileHandlerAdmin" Secure="true">

	
    <State Name="AnagFTPFileHandlerHomePage" Default="true">
       <Event Name="Annulla"  >
         	<Transition Name="TrConferma" Target="Pop"/>
   	   </Event>
   	   <Event Name="Transfer">
   		 	<Transition Name="TrConferma" Target="AnagFTPFileHandlerFileUpload"/>
   	   </Event>
    </State>
     
     <State Name="AnagFTPFileHandlerFileUpload">
        <Event Name="Conferma" >
           	<Transition Name="TrConferma" Target="AnagFTPFileHandlerHomePage"/>
       	</Event>
     </State>
      
      <State Name="Pop" Final="true">
      </State>
      
      <IOParams>
        <Input Params=""/>
        <Output Params=""/>
      </IOParams>
      
</StateMachine>