<event-list>
	<event event_name="CensimentoAZ.IntermediariEventiMemo.EventiAggiungi" request_name="it.sella.anagrafe.handlers.AnagrafeEventoRequest">
		<property property_request_name="TipoEvento" property_hash_name="tipoEvento" property_class_name="java.lang.String" property_is_optional="N" />
	</event>
	<event event_name="CensimentoAZ.IntermediariEventiMemo.EventiModifica" request_name="it.sella.anagrafe.handlers.AnagrafeEventoRequest">
		<property property_request_name="TipoEvento" property_hash_name="tipoEvento" property_class_name="java.lang.String" property_is_optional="N" />
	</event>
	<event event_name="CensimentoAZ.IntermediariEventiMemo.EventiElimina" request_name="it.sella.anagrafe.handlers.AnagrafeEventoRequest">
		<property property_request_name="TipoEvento" property_hash_name="tipoEvento" property_class_name="java.lang.String" property_is_optional="N" />
	</event>
	<event event_name="CensimentoAZ.IntermediariEventiMemo.Conferma" request_name="it.sella.anagrafe.handlers.AnagrafeEventoRequest">
		<property property_request_name="TipoEvento" property_hash_name="tipoEvento" property_class_name="java.lang.String" property_is_optional="N" />
	</event>
</event-list>
