<?xml version="1.0" encoding="UTF-8"?>

<!DOCTYPE StateMachine PUBLIC "-//SELLA//DTD StateMachine 1.0//EN" "StateMachine.dtd">

<StateMachine Name="Anagrafe" Secure="true">

	<Event Name="DefaultEvent" Default="true"
		Executer="it.sella.anagrafe.sm.admin.ShowLinksExecuter">
		<Transition Name="TrConferma" Target="AnagrafeAdminToolKit" />
	</Event>


	<State Name="AnagrafeAdminToolKit">
		<Event Name="VariazionePF"
			Executer="it.sella.anagrafe.sm.RedirectExecuter">
			<Transition Name="TrVariazionePF" Target="Dummy" Type="Push"
				InputParams="ONLY_FOR_ANAGRAFE,MOTIVI,intranetSoggettoId"
				OutputParams="," Application="CensimentoPF" />
			<!--<Transition Name="TrNonConferma"  Target="AnagrafeAdminToolKit" />-->
			<Transition Name="TrNonConferma" Target="Dummy" />
		</Event>
		<Event Name="VariazionePL"
			Executer="it.sella.anagrafe.sm.RedirectExecuter">
			<Transition Name="TrVariazionePL" Type="Push"
				InputParams="ONLY_FOR_ANAGRAFE,MOTIVI,variazionePLSoggettoId"
				OutputParams="," Application="CensimentoPL" />
			<!--<Transition Name="TrNonConferma"  Target="AnagrafeAdminToolKit" />-->
			<Transition Name="TrNonConferma" Target="Dummy" />

		</Event>
		<Event Name="VariazioneAZ"
			Executer="it.sella.anagrafe.sm.RedirectExecuter">
			<Transition Name="TrVariazioneAZ" Type="Push"
				InputParams="ONLY_FOR_ANAGRAFE,variazioneAziendaSoggettoId,MOTIVI"
				OutputParams="," Application="CensimentoAZ" />
			<!--<Transition Name="TrNonConferma"  Target="AnagrafeAdminToolKit" />-->
			<Transition Name="TrNonConferma" Target="Dummy" />

		</Event>
		<Event Name="VariazionePFInternet"
			Executer="it.sella.anagrafe.sm.RedirectExecuter">
			<Transition Name="TrVariazionePFInternet" Type="Push"
				Application="VariazionePFInternet" />
			<!--<Transition Name="TrNonConferma"  Target="AnagrafeAdminToolKit" />-->
			<Transition Name="TrNonConferma" Target="Dummy" />

		</Event>
		<Event Name="Attivazione"
			Executer="it.sella.anagrafe.sm.RedirectExecuter">
			<Transition Name="TrAttivazione" Target="Dummy" Type="Push"
				Application="AttivazionePF" />
		</Event>
		<Event Name="CensimentoAZCNST"
			Executer="it.sella.anagrafe.sm.RedirectExecuter">
			<Transition Name="TrCensimento" Target="Dummy" Type="Push"
				InputParams="ONLY_FOR_ANAGRAFE,MOTIVI" OutputParams=","
				Application="CensimentoAZ" />
		</Event>

		<!--  <Event Name="CensimentoAZFORNT"
			Executer="it.sella.anagrafe.sm.RedirectExecuter">
			<Transition Name="TrCensimento" Target="Dummy" Type="Push"
				InputParams="ONLY_FOR_ANAGRAFE,MOTIVI" OutputParams=","
				Application="CensimentoAZ" />
		</Event> -->
		<Event Name="CensimentoAZCLNT"
			Executer="it.sella.anagrafe.sm.RedirectExecuter">
			<Transition Name="TrCensimento" Target="Dummy" Type="Push"
				InputParams="ONLY_FOR_ANAGRAFE,MOTIVI" OutputParams=","
				Application="CensimentoAZ" />
		</Event>
		<Event Name="CensimentoAZFIDDI"
			Executer="it.sella.anagrafe.sm.RedirectExecuter">
			<Transition Name="TrCensimento" Target="Dummy" Type="Push"
				InputParams="ONLY_FOR_ANAGRAFE,MOTIVI" OutputParams=","
				Application="CensimentoAZ" />
		</Event>
		<Event Name="CensimentoAZFIDST"
			Executer="it.sella.anagrafe.sm.RedirectExecuter">
			<Transition Name="TrCensimento" Target="Dummy" Type="Push"
				InputParams="ONLY_FOR_ANAGRAFE,MOTIVI" OutputParams=","
				Application="CensimentoAZ" />
		</Event>
		<!-- Manage Recapiti Push From Other Subsystems Check-->
		 <Event Name="ManageRecapiti" Executer="it.sella.anagrafe.sm.RedirectExecuter">
        	<Transition Name="TrConferma" Target="Dummy" Type="Push"
        		Application="ManageRecapiti" InputParams="Soggetto_id" OutputParams="," />
        		<Transition Name="TrNonConferma" Target="Dummy" />
        </Event>
        <Event Name="CalculateDai" Executer="it.sella.anagrafe.sm.DAIAdminRedirectExecuter">
        	<Transition Name="TrConferma" Target="Dummy" Type="Push"
        		Application="CalculateDai" InputParams="SOGGETTO_ID" OutputParams="," />
        		<Transition Name="TrNonConferma" Target="Dummy" />
        </Event>
		<Event Name="CensimentoAZDEPTI"
			Executer="it.sella.anagrafe.sm.RedirectExecuter">
			<Transition Name="TrCensimento" Target="Dummy" Type="Push"
				InputParams="ONLY_FOR_ANAGRAFE,MOTIVI" OutputParams=","
				Application="CensimentoAZ" />
		</Event>
		<Event Name="CensimentoAZTRAM"
			Executer="it.sella.anagrafe.sm.RedirectExecuter">
			<Transition Name="TrCensimento" Target="Dummy" Type="Push"
				InputParams="ONLY_FOR_ANAGRAFE,MOTIVI" OutputParams=","
				Application="CensimentoAZ" />
		</Event>
		<Event Name="CensimentoAZIMELB"
			Executer="it.sella.anagrafe.sm.RedirectExecuter">
			<Transition Name="TrCensimento" Target="Dummy" Type="Push"
				InputParams="ONLY_FOR_ANAGRAFE,MOTIVI" OutputParams=","
				Application="CensimentoAZ" />
		</Event>
		<Event Name="CensimentoAZANTCI"
			Executer="it.sella.anagrafe.sm.RedirectExecuter">
			<Transition Name="TrCensimento" Target="Dummy" Type="Push"
				InputParams="ONLY_FOR_ANAGRAFE,MOTIVI" OutputParams=","
				Application="CensimentoAZ" />
		</Event>
	<!-- <Event Name="CensimentoPFFORNT"
			Executer="it.sella.anagrafe.sm.RedirectExecuter">
			<Transition Name="TrCensimento" Target="Dummy" Type="Push"
				InputParams="ONLY_FOR_ANAGRAFE,MOTIVI" OutputParams=","
				Application="CensimentoPF" />
		</Event> -->
		<Event Name="CensimentoPFCNST"
			Executer="it.sella.anagrafe.sm.RedirectExecuter">
			<Transition Name="TrCensimento" Target="Dummy" Type="Push"
				InputParams="ONLY_FOR_ANAGRAFE,MOTIVI" OutputParams=","
				Application="CensimentoPF" />
		</Event>
		<Event Name="CensimentoPFCLNT"
			Executer="it.sella.anagrafe.sm.RedirectExecuter">
			<Transition Name="TrCensimento" Target="Dummy" Type="Push"
				InputParams="ONLY_FOR_ANAGRAFE,MOTIVI" OutputParams=","
				Application="CensimentoPF" />
		</Event>
		<Event Name="CensimentoPFDIPN"
			Executer="it.sella.anagrafe.sm.RedirectExecuter">
			<Transition Name="TrCensimento" Target="Dummy" Type="Push"
				InputParams="ONLY_FOR_ANAGRAFE,MOTIVI" OutputParams=","
				Application="CensimentoPF" />
		</Event>
		<Event Name="CensimentoPFPRMT"
			Executer="it.sella.anagrafe.sm.RedirectExecuter">
			<Transition Name="TrCensimento" Target="Dummy" Type="Push"
				InputParams="ONLY_FOR_ANAGRAFE,MOTIVI" OutputParams=","
				Application="CensimentoPF" />
		</Event>
		<Event Name="CensimentoPFSVIL"
			Executer="it.sella.anagrafe.sm.RedirectExecuter">
			<Transition Name="TrCensimento" Target="Dummy" Type="Push"
				InputParams="ONLY_FOR_ANAGRAFE,MOTIVI" OutputParams=","
				Application="CensimentoPF" />
		</Event>
		<Event Name="CensimentoPFANTCI"
			Executer="it.sella.anagrafe.sm.RedirectExecuter">
			<Transition Name="TrCensimento" Target="Dummy" Type="Push"
				InputParams="ONLY_FOR_ANAGRAFE,MOTIVI" OutputParams=","
				Application="CensimentoPF" />
		</Event>
		<Event Name="CensimentoPFIMELB"
			Executer="it.sella.anagrafe.sm.RedirectExecuter">
			<Transition Name="TrCensimento" Target="Dummy" Type="Push"
				InputParams="ONLY_FOR_ANAGRAFE,MOTIVI" OutputParams=","
				Application="CensimentoPF" />
		</Event>
		<Event Name="CensimentoPLCLNT"
			Executer="it.sella.anagrafe.sm.RedirectExecuter">
			<Transition Name="TrCensimento" Target="Dummy" Type="Push"
				InputParams="ONLY_FOR_ANAGRAFE,MOTIVI" OutputParams=","
				Application="CensimentoPL" />
		</Event>
		<Event Name="CensimentoPFInternet"
			Executer="it.sella.anagrafe.sm.RedirectExecuter">
			<Transition Name="TrCensimento" Target="Dummy" Type="Push"
				Application="CensimentoPFInternet" />
		</Event>
		<Event Name="AttivazionePF"
			Executer="it.sella.anagrafe.sm.RedirectExecuter">
			<Transition Name="Attivazione" Target="Dummy" Type="Push"
				Application="AttivazionePF" />
			<!--<Transition Name="TrNonConferma"  Target="AnagrafeAdminToolKit" />-->
			<Transition Name="TrNonConferma" Target="Dummy" />

		</Event>

		<Event Name="Ricerca">
			<Transition Name="TrConferma" Target="Dummy" Type="Push"
				InputParams="" OutputParams=",,,,," Application="RicercaPF" />
		</Event>
		<Event Name="CAP">
			<Transition Name="TrConferma" Target="Dummy" Type="Push"
				InputParams="" OutputParams="" Application="CapAdmin" />
		</Event>
		<Event Name="Citta">
			<Transition Name="TrConferma" Target="Dummy" Type="Push"
				InputParams="" OutputParams="" Application="CittaAdmin" />
		</Event>
		<Event Name="CSManagement">
			<Transition Name="TrConferma" Target="Dummy" Type="Push"
				InputParams="" OutputParams="" Application="CodiciSoggettoAdmin" />
		</Event>
		<Event Name="CompatibilityAdmin">
			<Transition Name="TrConferma" Target="Dummy" Type="Push"
				InputParams="" OutputParams="" Application="CompatibilityAdmin" />
		</Event>
		<Event Name="DAPFAdmin">
			<Transition Name="TrConferma" Target="Dummy" Type="Push"
				InputParams="" OutputParams="" Application="DAPFAdmin" />
		</Event>
		<Event Name="DAAZAdmin">
			<Transition Name="TrConferma" Target="Dummy" Type="Push"
				InputParams="" OutputParams="" Application="DAAZAdmin" />
		</Event>
		<Event Name="AttributiEsterniAdmin">
			<Transition Name="TrConferma" Target="Dummy" Type="Push"
				InputParams="" OutputParams="" Application="AttributiEsterniAdmin" />
		</Event>
		<Event Name="TipoSoggettoCenst">
			<Transition Name="TrConferma" Target="Dummy" Type="Push"
				InputParams="" OutputParams="" Application="TipoSoggettoCenst" />
		</Event>
		<Event Name="SoggettoAdmin">
			<Transition Name="TrConferma" Target="Dummy" Type="Push"
				InputParams="" OutputParams="" Application="SoggettoAdmin" />
		</Event>
		<Event Name="CollegamentoAdmin">
			<Transition Name="TrConferma" Target="Dummy" Type="Push"
				InputParams="" OutputParams="" Application="CollegamentoAdmin" />
		</Event>
		<Event Name="HomePageIntranet">
			<Transition Name="TrConferma" Target="Dummy" Type="Push"
				InputParams="" OutputParams="" Application="HomePageIntranet" />
		</Event>
		<Event Name="GestoreAnagrafe">
			<Transition Name="TrConferma" Target="Dummy" Type="Push"
				InputParams="" OutputParams="" Application="GestoreAnagrafe" />
		</Event>

		<Event Name="RicercaPFAdmin">
			<Transition Name="TrConferma" Target="Dummy" Type="Push"
				InputParams="" OutputParams="" Application="RicercaPFAdmin" />
		</Event>

		<Event Name="RicercaAZAdmin">
			<Transition Name="TrConferma" Target="Dummy" Type="Push"
				InputParams="" OutputParams="" Application="RicercaAZAdmin" />
		</Event>

		<Event Name="DatiFiscaliAdmin">
			<Transition Name="TrConferma" Target="Dummy" Type="Push"
				InputParams="" OutputParams="" Application="DatiFiscaliAdmin" />
		</Event>

		<Event Name="IntestatazioneAdmin">
			<Transition Name="TrConferma" Target="Dummy" Type="Push"
				InputParams="" OutputParams="" Application="IntestatazioneAdmin" />
		</Event>

		<Event Name="DipendenteAdmin" Store="ADMIN_DIPEN">
			<Transition Name="TrConferma" Target="Dummy" Type="Push"
				InputParams="ADMIN_DIPEN" OutputParams=""
				Application="AnagrafeCollegamentoAdmin" />
		</Event>

		<Event Name="PromotoreAdmin" Store="ADMIN_PROMT">
			<Transition Name="TrConferma" Target="Dummy" Type="Push"
				InputParams="ADMIN_PROMT" OutputParams=""
				Application="AnagrafeCollegamentoAdmin" />
		</Event>
		<Event Name="ReadFileAdmin">
			<Transition Name="TrConferma" Target="Dummy" Type="Push"
				InputParams="" OutputParams="" Application="ReadFileAdmin" />
		</Event>
		<Event Name="MessageAdmin">
			<Transition Name="TrConferma" Target="Dummy" Type="Push"
				InputParams="" OutputParams="" Application="MessageAdmin" />
		</Event>
		<Event Name="GeograficaRicerca" Store="OPERATION">
			<Transition Name="TrConferma" Target="Dummy" Type="Push"
				InputParams="OPERATION" OutputParams="GEOGRAFICA_ID"
				Application="GeograficaRicerca" />
		</Event>
		<Event Name="NazioneAdmin">
			<Transition Name="TrConferma" Target="Dummy" Type="Push"
				InputParams="" OutputParams="" Application="NazioneAdmin" />
		</Event>

		<Event Name="DuplicateSoggettoAdmin">
			<Transition Name="TrConferma" Target="Dummy" Type="Push"
				InputParams="" OutputParams="" Application="DuplicateSoggettoAdmin" />
		</Event>
		<Event Name="DocumentoAdmin">
			<Transition Name="TrConferma" Target="Dummy" Type="Push"
				InputParams="" OutputParams="" Application="DocumentoAdmin" />
		</Event>
		<Event Name="RecapitiAdmin">
			<Transition Name="TrConferma" Target="Dummy" Type="Push"
				InputParams="" OutputParams="" Application="RecapitiAdmin" />
		</Event>
		<Event Name="PrivacyAdmin">
			<Transition Name="TrConferma" Target="Dummy" Type="Push"
				InputParams="" OutputParams="" Application="PrivacyAdmin" />
		</Event>
		<Event Name="RicercaPFDipGruppo">
			<Transition Name="TrConferma" Target="Dummy" Type="Push"
				InputParams="" OutputParams="" Application="RicercaPFDipGruppo" />
		</Event>

		<Event Name="RicercaAZDipGruppo">
			<Transition Name="TrConferma" Target="Dummy" Type="Push"
				InputParams="" OutputParams="" Application="RicercaAZDipGruppo" />
		</Event>

		<Event Name="RicercaAZOperatore">
			<Transition Name="TrConferma" Target="Dummy" Type="Push"
				InputParams="" OutputParams="" Application="RicercaAZOperatore" />
		</Event>

		<Event Name="RicercaPFOperatore">
			<Transition Name="TrConferma" Target="Dummy" Type="Push"
				InputParams="" OutputParams="" Application="RicercaPFOperatore" />
		</Event>
		<Event Name="DipctAdmin">
			<Transition Name="TrConferma" Target="Dummy" Type="Push"
				InputParams="" OutputParams="" Application="DipctCompAdmin" />
		</Event>
		<Event Name="FATCACompatibleStampaAdmin">
			<Transition Name="TrConferma" Target="Dummy" Type="Push"
				InputParams="" OutputParams="" Application="FATCACompatibleStampaAdmin" />
		</Event>
		<Event Name="FATCACompAZAdmin">
			<Transition Name="TrConferma" Target="Dummy" Type="Push"
				InputParams="" OutputParams="" Application="FATCACompAZAdmin" />
		</Event>
		<Event Name="PortafogliazioneClientelaCompAdmin">
			<Transition Name="TrConferma" Target="Dummy" Type="Push"
				InputParams="" OutputParams="" Application="PortafogliazioneClientelaCompAdmin" />
		</Event>
		<Event Name="PrivacyAdmin">
			<Transition Name="TrConferma" Target="Dummy" Type="Push"
				InputParams="" OutputParams="" Application="PrivacyCompAdmin" />
		</Event>
		<Event Name="RicercaConSuccPF"
			Executer="it.sella.anagrafe.sm.admin.RicercaConSuccursalePFExecuter">
			<Transition Name="TrConferma"
				Target="RicercaConSuccursaleElenco" />
			<Transition Name="TrNonConferma" Target="Dummy" />
		</Event>

		<Event Name="RicercaConSuccAZ"
			Executer="it.sella.anagrafe.sm.admin.RicercaConSuccursaleAZExecuter">
			<Transition Name="TrConferma"
				Target="RicercaConSuccursaleElenco" />
			<Transition Name="TrNonConferma" Target="Dummy" />
		</Event>
		<Event Name="InvalidDocumentoAdmin">
			<Transition Name="TrConferma" Target="Dummy" Type="Push"
				InputParams="" OutputParams="" Application="InvalidDocumentoAdmin" />
		</Event>
		<Event Name="IntermediarioAdmin">
			<Transition Name="TrConferma" Target="Dummy" Type="Push"
				InputParams="" OutputParams="" Application="IntermediarioAdmin" />
		</Event>

		<Event Name="GestoreOraclePackage">
			<Transition Name="TrConferma" Target="Dummy" Type="Push"
				InputParams="" OutputParams="" Application="GestoreOraclePackage" />
		</Event>
		<Event Name="AddressAdminTool">
			<Transition Name="TrConferma" Target="Dummy" Type="Push"
				InputParams="" OutputParams="" Application="AddressAdminTool" />
		</Event>

		<Event Name="GestoreAnagrafeLogger">
			<Transition Name="TrConferma" Target="Dummy" Type="Push"
				InputParams="" OutputParams="" Application="GestoreAnagrafeLogger" />
		</Event>

		<Event Name="GestoreAttivita" Store="SOGGETTO_ID,MOTIV">
			<Transition Name="TrConferma" Target="Dummy" Type="Push"
				InputParams="SOGGETTO_ID,MOTIV" OutputParams="AT_CODICEISTAT"
				Application="GestoreAttivita" />
		</Event>

		<Event Name="GestoreOrigineCliente">
			<Transition Name="TrConferma" Target="Dummy" Type="Push"
				InputParams="" OutputParams="" Application="GestoreOrigineCliente" />
		</Event>

		<Event Name="CodiciSoggettoCifratiAdmin">
			<Transition Name="TrConferma" Target="Dummy" Type="Push"
				InputParams="" OutputParams=""
				Application="CodiciSoggettoCifratiAdmin" />
		</Event>

		<Event Name="ModuloPrivacy">
			<Transition Name="TrConferma" Target="Dummy" Type="Push"
				InputParams="" OutputParams="" Application="ModuloPrivacy" />
		</Event>

		<Event Name="GestioneDipendenteCheTratta" Store="DIPENTER">
			<Transition Name="TrConferma" Target="Dummy" Type="Push"
				InputParams="DIPENTER" OutputParams="STATUS,ERROR"
				Application="GestioneDipendenteCheTratta" />
		</Event>

		<Event Name="DocEventiAdmin">
			<Transition Name="TrConferma" Target="Dummy" Type="Push"
				InputParams="" OutputParams="" Application="DocEventiAdmin" />
		</Event>

		<Event Name="DipctAlignDetailsAdmin">
			<Transition Name="TrConferma" Target="Dummy" Type="Push"
				InputParams="" OutputParams="" Application="DipctAlignDetailsAdmin" />
		</Event>

		<Event Name="CapPeieAdmin">
			<Transition Name="TrConferma" Target="Dummy" Type="Push"
				InputParams="" OutputParams="" Application="CapPeieAdmin" />
		</Event>

		<Event Name="EventiAdmin">
			<Transition Name="TrConferma" Target="Dummy" Type="Push"
				InputParams="" OutputParams="" Application="EventiAdmin" />
		</Event>

		<Event Name="OrigineClienteAdmin">
			<Transition Name="TrConferma" Target="Dummy" Type="Push"
				InputParams="" OutputParams="" Application="OrigineClienteAdmin" />
		</Event>

		<Event Name="GestoreAnagrafeStoricAdmin">
			<Transition Name="TrConferma" Target="Dummy" Type="Push"
				InputParams="" OutputParams="" Application="GestoreAnagrafeStoricAdmin" />
		</Event>

		<Event Name="SettoreAdmin">
			<Transition Name="TrConferma" Target="Dummy" Type="Push"
				InputParams="" OutputParams="" Application="SettoreAdmin" />
		</Event>

		<Event Name="CompatibleSettoreAdmin">
			<Transition Name="TrConferma" Target="Dummy" Type="Push"
				InputParams="" OutputParams="" Application="CompatibleSettoreAdmin" />
		</Event>

		<Event Name="WebBeanAdmin">
			<Transition Name="TrConferma" Target="Dummy" Type="Push"
				InputParams="" OutputParams="" Application="WebBeanAdmin" />
		</Event>

		<Event Name="GestoreAnagrafeSHRBAdmin">
			<Transition Name="TrConferma" Target="Dummy" Type="Push"
				InputParams="" OutputParams="" Application="GestoreAnagrafeSHRBAdmin" />
		</Event>

		<Event Name="PrivacyFiveLevelAdmin">
			<Transition Name="TrConferma" Target="Dummy" Type="Push"
				InputParams="" OutputParams="" Application="PrivacyFiveLevelAdmin" />
		</Event>

		<!--  added by pals  -->
		<Event Name="RamoAdmin">
			<Transition Name="TrConferma" Target="Dummy" Type="Push"
				InputParams="" OutputParams="" Application="RamoAdmin" />
		</Event>

		<Event Name="GestoreAnagrafeGruppoAPI">
			<Transition Name="TrConferma" Target="Dummy" Type="Push"
				InputParams="" OutputParams="" Application="AnagrafeGruppoAPITester" />
		</Event>

		<Event Name="GestoreMigration">
			<Transition Name="TrConferma" Target="Dummy" Type="Push"
				InputParams="" OutputParams="" Application="GestoreMigration" />
		</Event>

		<Event Name="AttributiTramiteAdmin">
			<Transition Name="TrConferma" Target="Dummy" Type="Push"
				InputParams="" OutputParams="" Application="AttributiTramiteAdmin" />
		</Event>

		<Event Name="AddressNormalization">
			<Transition Name="TrConferma" Target="Dummy" Type="Push"
				InputParams="" OutputParams="" Application="AddressNormalization" />
		</Event>

		<Event Name="ClientClassificazioneAdmin">
			<Transition Name="TrConferma" Target="Dummy" Type="Push"
				InputParams="" OutputParams="" Application="ClientClassificazioneAdmin" />
		</Event>

		<Event Name="ConsumatoreCompatibilityAdmin">
			<Transition Name="TrConferma" Target="Dummy" Type="Push"
				InputParams="" OutputParams="" Application="ConsumatoreCompatibilityAdmin" />
		</Event>

		<Event Name="FatturatoAdmin">
			<Transition Name="TrConferma" Target="Dummy" Type="Push"
				InputParams="" OutputParams="" Application="FatturatoAdmin" />
		</Event>

		<Event Name="GestoreClassificazioneClientele">
			<Transition Name="TrConferma" Target="Dummy" Type="Push"
				InputParams="" OutputParams="" Application="GestoreClassificazioneClientele" />
		</Event>

		<Event Name="GestoreFiscaliW8BENAdmin">
			<Transition Name="TrConferma" Target="RicercaFiscaliW8BENPage" />
		</Event>

		<Event Name="GestoreFiscaliW8IMYAdmin">
			<Transition Name="TrConferma" Target="RicercaFiscaliW8IPage" />
		</Event>

		<Event Name="ProvinciaAdmin">
			<Transition Name="TrConferma" Target="Dummy" Type="Push"
				InputParams="" OutputParams="" Application="ProvinciaAdmin" />
		</Event>

		<Event Name="RamoClasseAdmin">
			<Transition Name="TrConferma" Target="Dummy" Type="Push"
				InputParams="" OutputParams="" Application="RamoClasseAdmin" />
		</Event>

		<Event Name="ClasseATECOAdmin">
			<Transition Name="TrConferma" Target="Dummy" Type="Push"
				InputParams="" OutputParams="" Application="ClasseATECOAdmin" />
		</Event>

		<Event Name="CompSettoreClasseAdmin">
			<Transition Name="TrConferma" Target="Dummy" Type="Push"
				InputParams="" OutputParams="" Application="CompSettoreClasseAdmin" />
		</Event>

		<Event Name="AnagFTPFileHandlerAdmin">
			<Transition Name="TrConferma" Target="Dummy" Type="Push"
				InputParams="" OutputParams="" Application="AnagFTPFileHandlerAdmin" />
		</Event>

		<Event Name="MapperClass">
			<Transition Name="TrConferma" Target="Dummy" Type="Push"
				InputParams="" OutputParams="" Application="MapperClass" />
		</Event>

		<Event Name="GenerateNewCodiceHost">
			<Transition Name="TrConferma" Target="Dummy" Type="Push"
				InputParams="" OutputParams="" Application="GenerateNewCodiceHost" />
		</Event>

		<Event Name="PartitivaEsteraAdmin">
			<Transition Name="TrConferma" Target="Dummy" Type="Push"
				InputParams="" OutputParams="" Application="PartitivaEsteraAdmin" />
		</Event>

		<Event Name="ProfessioneAdmin">
			<Transition Name="TrConferma" Target="Dummy" Type="Push"
				InputParams="" OutputParams="" Application="ProfessioneAdmin" />
		</Event>

		<Event Name="DocumentiAdmin">
			<Transition Name="TrConferma" Target="Dummy" Type="Push"
				InputParams="" OutputParams="" Application="DocumentiAdmin" />
		</Event>

		<Event Name="CensimentoAutomaticoAdmin">
			<Transition Name="TrConferma" Target="Dummy" Type="Push"
				InputParams="" OutputParams="" Application="CensimentoAutomaticoAdmin" />
		</Event>
		<Event Name="CensimentoAutomaticoSM">
			<Transition Name="TrConferma" Target="Dummy" Type="Push"
				InputParams="" OutputParams="" Application="CensimentoAutomaticoSM" />
		</Event>
		<Event Name="CensimentoSellaLifePolicyCustomer">
			<Transition Name="TrConferma" Target="Dummy" Type="Push"
				InputParams="" OutputParams="" Application="CensimentoSellaLifePolicyCustomer" />
		</Event>
		<Event Name="RicercaVariazioneCliente">
			<Transition Name="TrConferma" Target="Dummy" Type="Push"
				InputParams="" OutputParams="" Application="RicercaVariazioneCliente" />
		</Event>
		<Event Name="CompProfTAEAdmin">
			<Transition Name="TrConferma" Target="Dummy" Type="Push"
				InputParams="" OutputParams="" Application="CompProfTAEAdmin" />
		</Event>
		<Event Name="RegioneAdmin">
			<Transition Name="TrConferma" Target="Dummy" Type="Push"
				InputParams="" OutputParams="" Application="RegioneAdmin" />
		</Event>
		<Event Name="TAEAdmin">
			<Transition Name="TrConferma" Target="Dummy" Type="Push"
				InputParams="" OutputParams="" Application="TAEAdmin" />
		</Event>
		<Event Name="AlboProfessioneAdmin">
			<Transition Name="TrConferma" Target="Dummy" Type="Push"
				InputParams="" OutputParams="" Application="AlboProfessioneAdmin" />
		</Event>
		<Event Name="DocumentoImageAdmin">
			<Transition Name="TrConferma" Target="Dummy" Type="Push"
				InputParams="" OutputParams="" Application="DocumentoImageAdmin" />
		</Event>
		<Event Name="MergeSoggettoAdmin">
			<Transition Name="TrConferma" Target="Dummy" Type="Push"
				InputParams="" OutputParams="" Application="MergeSoggettoAdmin" />
		</Event>
		<Event Name="PoteriFirmaDocAdmin">
			<Transition Name="TrConferma" Target="Dummy" Type="Push"
				InputParams="" OutputParams="" Application="PoteriFirmaDocAdmin" />
		</Event>		
		<Event Name="CensimentoPFPOSTE"
			Executer="it.sella.anagrafe.sm.RedirectExecuter" Secure="true">
			<Transition Name="TrCensimento" Target="Dummy" Type="Push"
				InputParams="ONLY_FOR_ANAGRAFE,MOTIVI" OutputParams=","
				Application="CensimentoPF" />
		</Event>
		<Event Name="AnagConfigCompAdmin">
			<Transition Name="TrConferma" Target="Dummy" Type="Push"
				InputParams="" OutputParams="" Application="AnagConfigCompAdmin" />
		</Event>
	</State>

	<State Name="Dummy">
		<Event Name="DefaultEvent" Default="true">
			<Transition Name="TrConferma" Target="AnagrafeAdminToolKit" />
		</Event>
	</State>

	<State Name="RicercaConSuccursaleElenco">
		<Event Name="Annulla">
			<Transition Name="TrAnnulla" Target="Dummy" />
		</Event>
	</State>

	<State Name="RicercaFiscaliW8IPage">
		<Event Name="Conferma"	Executer="it.sella.anagrafe.sm.admin.W8W8IRedirectExecuter">
			<Transition Name="TrConferma" Target="RicercaFiscaliW8IPage" Type="Push"
				InputParams="SoggettoId" OutputParams="" Application="GestoreFiscaliW8IMY" />
			<Transition Name="TrNonConferma"  Target="RicercaFiscaliW8IPage" />
		</Event>
		<Event Name="Annulla"  >
			<Transition Name="TrAnnulla" Target="AnagrafeAdminToolKit" />
		</Event>
	</State>

	<State Name="RicercaFiscaliW8BENPage">
		<Event Name="Conferma"	Executer="it.sella.anagrafe.sm.admin.W8W8IRedirectExecuter">
			<Transition Name="TrConferma" Target="RicercaFiscaliW8BENPage" Type="Push"
				InputParams="SoggettoId" OutputParams="" Application="GestoreFiscaliW8BEN" />
			<Transition Name="TrNonConferma"  Target="RicercaFiscaliW8BENPage" />
		</Event>
		<Event Name="Annulla"  >
			<Transition Name="TrAnnulla" Target="AnagrafeAdminToolKit" />
		</Event>
	</State>

	<IOParams>
		<Input Params="" />
		<Output Params="" />
	</IOParams>

</StateMachine>
