<?xml version="1.0" encoding="UTF-8"?>

<!DOCTYPE StateMachine PUBLIC "-//SELLA//DTD StateMachine 1.0//EN" "StateMachine.dtd">

<StateMachine Name="AttivazionePF" Secure="true">

  <State Name="RicercaSoggettoID"  Default="true" >
	<Event Name="DefaultEvent" Executer = "it.sella.anagrafe.sm.censimentopfinternet.RicercaPFAITSoggettoExecuter">
    	  <Transition Name="TrNonConfrema" Target="PopTheApplication"/>
          <Transition Name="TrConfrema" Target="ElencoPersonaFisica"/>
          <Transition Name="Ricerca" Type="Push" Application="RicercaAnagAttivazione"/>
          <Transition Name="AttivazionePFTrovata" Target="AttivazionePFTrovata"/>
        </Event>
  </State>

	<State Name="PopTheApplication" Final="true">
 	</State>

  <State Name="ElencoPersonaFisica" >
    <State Name="ElencoPersonaFisica" Default="true">
		    <Event Name="Next" Executer="it.sella.anagrafe.sm.censimentopfinternet.NextPFAITExecuter">
        <Transition Name="TrConfrema" Target="ElencoPersonaFisica"/>
			 </Event>
		   <Event Name="Conferma" Executer="it.sella.anagrafe.sm.censimentopfinternet.ConfermaPFAITExecuter">
        <Transition Name="TrConfrema" Target="AttivazionePFTrovata"/>
        <Transition Name="TrNonConfrema" Target="ElencoPersonaFisica"/>
			 </Event>
		   <Event Name="Nuova Ricerca" >
        <Transition Name="TrConfrema" Target="RicercaSoggettoID"/>
			 </Event>
    </State>
  </State>

  <State Name="AttivazionePFTrovata" >
    <Event Name="Attiva Come Nuovo Soggetto" Executer="it.sella.anagrafe.sm.censimentopfinternet.DettaglioPFInternetExecuter">
	    <Transition Name="TrConfrema" Target="VARModificaPersonaFisica"/>
	  </Event>
	  <Event Name="Scarta" Executer="it.sella.anagrafe.sm.censimentopfinternet.ScartaPFAITExecuter">
      <Transition Name="TrConfrema" Target="AttivazioneRegistrazSucces"/>
  	</Event>
  	<Event Name="Next" Executer="it.sella.anagrafe.sm.censimentopfinternet.NextSearchPFAITExecuter">
      <Transition Name="TrConfrema" Target="AttivazionePFTrovata"/>
  	</Event>
	  <Event Name="Confronta" Executer="it.sella.anagrafe.sm.censimentopfinternet.RiepilogoPersonaFisicaPFAITExecuter">
		  <Transition Name="TrConferma" Target="AttivazioneRegistrazDatiPF"/>
	    <Transition Name="TrNonConferma" Target="AttivazionePFTrovata"/>
  	</Event>
  </State>

  <State Name="AttivazioneRegistrazDatiPF">
	  <Event Name="Indietro" Executer="it.sella.anagrafe.sm.censimentopfinternet.IndietroPFAITExecuter">
              <Transition Name="TrConfrema" Target="AttivazionePFTrovata"/>
	  </Event>
  	<Event Name="Attiva" Executer="it.sella.anagrafe.sm.censimentopfinternet.RiepilogoRedirectAITExecuter">
		  <Transition Name="TrConferma" Target="InterMediarePersonaFisica"/>
		  <Transition Name="TrNonConferma" Target="AttivazioneRegistrazDatiPF"/>
  	</Event>
  </State>

  <State Name="InterMediarePersonaFisica" >
    <Event Name="intermediariModifica" Executer="it.sella.anagrafe.sm.censimentopfinternet.RiepilogoRedirectITExecuter" >
      <Transition Name="TrConferma" Target="GestioneIntermediariAttiva"/>
    </Event>
    <Event Name="Conferma" Executer="it.sella.anagrafe.sm.censimentopfinternet.IntermediaModificaPFAITExecuter">
		  <Transition Name="TrNonConferma" Target="InterMediarePersonaFisica"/>
		  <Transition Name="TrConferma"  Type="Push" Application="ValidateUserCodes"/>
    </Event>
  </State>

  <State Name="AttivazioneRegistrazSucces">
  </State>

   <State Name="VARModificaPersonaFisica" >
    <Event Name="DomicilioModifica" Executer="it.sella.anagrafe.sm.censimentopfinternet.RiepilogoRedirectITExecuter" >
      <Transition Name="TrConferma" Target="GestioneIndirizzo(Domicilio)"/>
	  </Event>
	  <Event Name="Conferma" Executer = "it.sella.anagrafe.sm.censimentopfinternet.RiepilogoPersonaFisicaPFITExecuter">
		  <Transition Name="TrNonConferma" Target="VARModificaPersonaFisica"/>
		  <Transition Name="TrConferma" Target="PopTheApplication"/>
	  </Event>
	  <Event Name="attributiEsterniModifica" Executer="it.sella.anagrafe.sm.censimentopfinternet.RiepilogoRedirectITExecuter" >
      <Transition Name="TrConferma" Target="GestioneAttributiEsterniPF"/>
	  </Event>
    <Event Name="ResidenzaModifica" Executer="it.sella.anagrafe.sm.censimentopfinternet.RiepilogoRedirectITExecuter" >
      <Transition Name="TrConferma" Target="GestioneIndirizzo(Residenza)"/>
	  </Event>
	  <Event Name="PostaleModifica" Executer="it.sella.anagrafe.sm.censimentopfinternet.RiepilogoRedirectITExecuter" >
      <Transition Name="TrConferma" Target="GestioneIndirizzo(Postale)"/>
	  </Event>
	  <Event Name="recapitiModifica" Executer="it.sella.anagrafe.sm.censimentopfinternet.RiepilogoRedirectITExecuter" >
      <Transition Name="TrConferma" Target="GestioneRecapiti"/>
	  </Event>
    <Event Name="datiPrivacyModifica" Executer="it.sella.anagrafe.sm.censimentopfinternet.RiepilogoRedirectITExecuter" >
      <Transition Name="TrConferma" Target="GestioneDatiPrivacy"/>
	  </Event>
    <Event Name="EventoModifica" Executer="it.sella.anagrafe.sm.censimentopfinternet.RiepilogoRedirectITExecuter" >
      <Transition Name="TrConferma" Target="GestioneEventi"/>
	  </Event>
    <Event Name="MemoModifica" Executer="it.sella.anagrafe.sm.censimentopfinternet.RiepilogoRedirectITExecuter" >
      <Transition Name="TrConferma" Target="GestioneMemo"/>
	  </Event>
    <Event Name="DocumentoModifica" Executer="it.sella.anagrafe.sm.censimentopfinternet.RiepilogoRedirectITExecuter" >
      <Transition Name="TrConferma" Target="GestioneDocumenti"/>
	  </Event>
    <Event Name="datiFiscaliModifica" Executer="it.sella.anagrafe.sm.censimentopfinternet.RiepilogoRedirectITExecuter" >
      <Transition Name="TrConferma" Target="GestioneDatiFiscaliPF"/>
	  </Event>
    <Event Name="intermediariModifica" Executer="it.sella.anagrafe.sm.censimentopfinternet.RiepilogoRedirectITExecuter" >
      <Transition Name="TrConferma" Target="GestioneIntermediari"/>
	  </Event>
   </State>

   <State Name="GestioneIntermediari" >
      	<Event Name="Aggiungi Dipendente" Executer="it.sella.anagrafe.sm.censimentopfinternet.RicercaDipendenteITExecuter">
			<Transition Name="TrConferma" Target="ElencoDipendenti" />
			<Transition Name="TrNonConferma" Target="GestioneIntermediari" />
      	</Event>
      	<Event Name="Aggiungi Promotore" Executer="it.sella.anagrafe.sm.censimentopfinternet.RicercaPromotoreITExecuter">
			<Transition Name="TrConferma" Target="ElencoPromotori" />
			<Transition Name="TrNonConferma" Target="GestioneIntermediari" />
      	</Event>
      	<Event Name="Conferma" Executer="it.sella.anagrafe.sm.censimentopfinternet.IntermediariITExecuter">
			<Transition Name="TrConferma" Target="VARModificaPersonaFisica"/>
			<Transition Name="TrNonConferma" Target="GestioneIntermediari"/>
      	</Event>
      	<Event Name="Elimina" Executer="it.sella.anagrafe.sm.censimentopfinternet.IntermediariEliminaITExecuter">
			<Transition Name="TrConferma" Target="GestioneIntermediari"/>
			<Transition Name="TrNonConferma" Target="GestioneIntermediari"/>
      	</Event>
	<Event Name="Annulla" Executer="it.sella.anagrafe.sm.censimento_pf.AnnullaPFExecuter" >
 		      <Transition Name="TrAnnulla" Target="VARModificaPersonaFisica"/>
        </Event>
     	</State>

	<State Name = "ElencoDipendenti" >
      	<Event Name="Conferma" Executer="it.sella.anagrafe.sm.censimentopfinternet.DipendenteITExecuter">
			<Transition Name="TrConferma" Target="GestioneIntermediari"/>
			<Transition Name="TrNonConferma" Target="GestioneIntermediari"/>
      	</Event>
        <Event Name="Annulla" Executer="it.sella.anagrafe.sm.censimento_pf.AnnullaPFExecuter" >
 		      <Transition Name="TrAnnulla" Target="GestioneIntermediari"/>
        </Event>
     	</State>

	<State Name="ElencoPromotori">
      	<Event Name="Conferma"  Executer="it.sella.anagrafe.sm.censimentopfinternet.PromotoreITExecuter">
			<Transition Name="TrConferma" Target="GestioneIntermediari"/>
			<Transition Name="TrNonConferma" Target="GestioneIntermediari"/>
      	</Event>
        <Event Name="Annulla" Executer="it.sella.anagrafe.sm.censimento_pf.AnnullaPFExecuter" >
 		      <Transition Name="TrAnnulla" Target="GestioneIntermediari"/>
        </Event>
     	</State>



	<State Name="GestioneIntermediariAttiva" >
      	<Event Name="Aggiungi Dipendente" Executer="it.sella.anagrafe.sm.censimentopfinternet.RicercaDipendenteITExecuter">
			<Transition Name="TrConferma" Target="ElencoDipendentiAttiva" />
			<Transition Name="TrNonConferma" Target="GestioneIntermediariAttiva" />
      	</Event>
      	<Event Name="Aggiungi Promotore" Executer="it.sella.anagrafe.sm.censimentopfinternet.RicercaPromotoreITExecuter">
			<Transition Name="TrConferma" Target="ElencoPromotoriAttiva" />
			<Transition Name="TrNonConferma" Target="GestioneIntermediariAttiva" />
      	</Event>
      	<Event Name="Conferma" Executer="it.sella.anagrafe.sm.censimentopfinternet.IntermediariITExecuter">
			<Transition Name="TrConferma" Target="InterMediarePersonaFisica"/>
			<Transition Name="TrNonConferma" Target="GestioneIntermediariAttiva"/>
      	</Event>
      	<Event Name="Elimina" Executer="it.sella.anagrafe.sm.censimentopfinternet.IntermediariEliminaITExecuter">
			<Transition Name="TrConferma" Target="GestioneIntermediariAttiva"/>
			<Transition Name="TrNonConferma" Target="GestioneIntermediariAttiva"/>
      	</Event>
     	</State>

	<State Name = "ElencoDipendentiAttiva" >
      	<Event Name="Conferma" Executer="it.sella.anagrafe.sm.censimentopfinternet.DipendenteITExecuter">
			<Transition Name="TrConferma" Target="GestioneIntermediariAttiva"/>
			<Transition Name="TrNonConferma" Target="GestioneIntermediariAttiva"/>
      	</Event>
        <Event Name="Annulla" Executer="it.sella.anagrafe.sm.censimento_pf.AnnullaPFExecuter" >
 		      <Transition Name="TrAnnulla" Target="GestioneIntermediariAttiva"/>
        </Event>
     	</State>

	<State Name="ElencoPromotoriAttiva">
      	<Event Name="Conferma"  Executer="it.sella.anagrafe.sm.censimentopfinternet.PromotoreITExecuter">
			<Transition Name="TrConferma" Target="GestioneIntermediariAttiva"/>
			<Transition Name="TrNonConferma" Target="GestioneIntermediariAttiva"/>
      	</Event>
        <Event Name="Annulla" Executer="it.sella.anagrafe.sm.censimento_pf.AnnullaPFExecuter" >
 		      <Transition Name="TrAnnulla" Target="GestioneIntermediariAttiva"/>
        </Event>
     	</State>





   <State Name="GestioneEventi"  >
              <Event Name="Annulla" Executer="it.sella.anagrafe.sm.censimento_pf.AnnullaPFExecuter" >
 		      <Transition Name="TrAnnulla" Target="VARModificaPersonaFisica"/>
             </Event>
	      <Event Name="Conferma" Executer="it.sella.anagrafe.sm.censimentopfinternet.EventiPFITExecuter">
			<Transition Name="TrConferma" Target="VARModificaPersonaFisica"/>
			<Transition Name="TrNonConferma" Target="GestioneEventi"/>
	      </Event>
		<Event Name="Elimina"	Executer="it.sella.anagrafe.sm.censimentopfinternet.EventiPFEliminaITExecuter">
			<Transition Name="TrConferma" Target="GestioneEventi"/>
		</Event>
		<Event Name="Aggiungi"	Executer="it.sella.anagrafe.sm.censimentopfinternet.EventiPFAggiungiITExecuter">
			<Transition Name="TrAggiungi" Target="GestioneEventi"/>
			<Transition Name="TrNonAggiungi" Target="GestioneEventi"/>
		</Event>
   </State>

   <State Name="GestioneMemo" >
              <Event Name="Annulla" Executer="it.sella.anagrafe.sm.censimento_pf.AnnullaPFExecuter" >
 		      <Transition Name="TrAnnulla" Target="VARModificaPersonaFisica"/>
             </Event>
	      <Event Name="Conferma" Executer="it.sella.anagrafe.sm.censimentopfinternet.MemoPFITExecuter">
			<Transition Name="TrConferma" Target="VARModificaPersonaFisica"/>
			<Transition Name="TrNonConferma" Target="GestioneMemo"/>
			<Transition Name="TrModifica" Target="VARModificaPersonaFisica"/>

	      </Event>
		<Event Name="Elimina" Executer="it.sella.anagrafe.sm.censimentopfinternet.MemoPFEliminaITExecuter">
			<Transition Name="TrConferma" Target="GestioneMemo"/>
		</Event>
		<Event Name="Aggiungi" Executer="it.sella.anagrafe.sm.censimentopfinternet.MemoPFAggiungiITExecuter">
			<Transition Name="TrAggiungi" Target="GestioneMemo"/>
			<Transition Name="TrNonAggiungi" Target="GestioneMemo"/>
		</Event>
  </State>

  <State Name="GestioneDatiFiscaliPF" >
              <Event Name="Conferma" Executer="it.sella.anagrafe.sm.censimentopfinternet.DatiFisicaliPFITExecuter" >
                      <Transition Name="TrNonConferma" Target="GestioneDatiFiscaliPF"/>
                      <Transition Name="TrConferma" Target="VARModificaPersonaFisica"/>
             </Event>
              <Event Name="Annulla" Executer="it.sella.anagrafe.sm.censimento_pf.AnnullaPFExecuter" >
 		      <Transition Name="TrAnnulla" Target="VARModificaPersonaFisica"/>
             </Event>

  </State>

  <State Name="GestioneAttributiEsterniPF" >
              <Event Name="Conferma" Executer="it.sella.anagrafe.sm.censimentopfinternet.AttributiEsterniPFITExecuter" >
                      <Transition Name="TrConferma" Target="VARModificaPersonaFisica"/>
                      <Transition Name="TrNonConferma" Target="GestioneAttributiEsterniPF"/>
             </Event>
              <Event Name="Annulla" Executer="it.sella.anagrafe.sm.censimento_pf.AnnullaPFExecuter" >
 		      <Transition Name="TrAnnulla" Target="VARModificaPersonaFisica"/>
             </Event>

  </State>
   <State Name="GestioneIndirizzo(Residenza)" >
            <Event Name="Conferma"  Executer ="it.sella.anagrafe.sm.censimentopfinternet.IndirizzoResidenzaPFITExecuter">
               <Transition Name="TrConferma" Target="VARModificaPersonaFisica"/>
               <Transition Name="TrNonConferma" Target="GestioneIndirizzo(Residenza)"/>
            </Event>
            <Event Name="Annulla" Executer="it.sella.anagrafe.sm.censimento_pf.AnnullaPFExecuter" >
		      <Transition Name="TrAnnulla" Target="VARModificaPersonaFisica"/>
             </Event>


    </State>



  <State Name="GestioneIndirizzo(Domicilio)">
             <Event Name="Annulla" Executer="it.sella.anagrafe.sm.censimento_pf.AnnullaPFExecuter" >
 		      <Transition Name="TrAnnulla" Target="VARModificaPersonaFisica"/>
             </Event>
	     <Event Name="Conferma" Executer = "it.sella.anagrafe.sm.censimentopfinternet.IndirizzoDomicilioPFITExecuter">
      	        <Transition Name="TrConferma" Target="VARModificaPersonaFisica"/>
		<Transition Name="TrNonConferma" Target="GestioneIndirizzo(Domicilio)"/>
             </Event>
  </State>
  <State Name="GestioneIndirizzo(Postale)">
              <Event Name="Annulla" Executer="it.sella.anagrafe.sm.censimento_pf.AnnullaPFExecuter" >
 		      <Transition Name="TrAnnulla" Target="VARModificaPersonaFisica"/>
             </Event>
        <Event Name="Conferma" Executer= "it.sella.anagrafe.sm.censimentopfinternet.IndirizzoPostalePFITExecuter">
	        <Transition Name="TrNonConferma" Target="GestioneIndirizzo(Postale)"/>
        	<Transition Name="TrConferma" Target="VARModificaPersonaFisica"/>
        </Event>

   </State>
   <State Name="GestioneDatiPrivacy" >
              <Event Name="Annulla" Executer="it.sella.anagrafe.sm.censimento_pf.AnnullaPFExecuter" >
 		      <Transition Name="TrAnnulla" Target="VARModificaPersonaFisica"/>
             </Event>
	        <Event Name="Conferma" Executer = "it.sella.anagrafe.sm.censimentopfinternet.DatiPrivacyPFITExecuter">
                   <Transition Name="TrNonConferma" Target="GestioneDatiPrivacy"/>
		   <Transition Name="TrConferma" Target="VARModificaPersonaFisica"/>
                </Event>
   </State>

    <State Name="GestioneRecapiti" >
		  <Event Name="Conferma" Executer="it.sella.anagrafe.sm.censimentopfinternet.RecapitiPFConfermaITExecutor">
        <Transition Name="TrConferma" Target="VARModificaPersonaFisica"/>
	    </Event>
		  <Event Name="Elimina" Executer="it.sella.anagrafe.sm.censimentopfinternet.RecapitiPFEliminaITExecutor">
			  <Transition Name="TrConferma" Target="GestioneRecapiti"/>
		  </Event>
		  <Event Name="Aggiungi">
			  <Transition Name="TrConferma" Target="AddingRecapiti"/>
		  </Event>
		  <Event Name="Modifica" Executer="it.sella.anagrafe.sm.censimentopfinternet.RecapitiPFModificaITExecutor">
			  <Transition Name="TrConferma" Target="AddingRecapiti"/>
		  </Event>
      <Event Name="Annulla" Executer="it.sella.anagrafe.sm.censimento_pf.AnnullaPFExecuter" >
 	 	    <Transition Name="TrAnnulla" Target="VARModificaPersonaFisica"/>
      </Event>
    </State>

    <State Name="AddingRecapiti">
		  <State Name="DettaglioRecapito" Default="true">
        <Event Name="Aggiungi" Executer="it.sella.anagrafe.sm.censimentopfinternet.RecapitiPFAggiungiITExecutor">
					<Transition Name="TrAggiungi" Target="DettaglioRecapito"/>
        </Event>
  			<Event Name="Conferma" Executer="it.sella.anagrafe.sm.censimentopfinternet.RecapitiPFAggiungiITExecutor">
					<Transition Name="TrConferma" Target="GestioneRecapiti"/>
	        <Transition Name="TrNonConferma" Target="DettaglioRecapito"/>
			  </Event>
			  <Event Name="Modifica" Executer="it.sella.anagrafe.sm.censimentopfinternet.RecapitiPFModificaITExecutor">
					<Transition Name="TrConferma" Target="DettaglioRecapito"/>
        </Event>
	  		<Event Name="Elimina" Executer="it.sella.anagrafe.sm.censimentopfinternet.RecapitiPFEliminaITExecutor">
		  		<Transition Name="TrConferma" Target="DettaglioRecapito"/>
			  </Event>
        <Event Name="Annulla" Executer="it.sella.anagrafe.sm.censimento_pf.RecapitiAnnullaPFExecuter" >
	 		    <Transition Name="TrAnnulla" Target="GestioneRecapiti"/>
	      </Event>
		  </State>
    </State>

     <State Name="GestioneDocumenti" >
              <Event Name="Annulla" Executer="it.sella.anagrafe.sm.censimento_pf.AnnullaPFExecuter" >
 		      <Transition Name="TrAnnulla" Target="VARModificaPersonaFisica"/>
             </Event>
             <Event Name="Conferma" Executer="it.sella.anagrafe.sm.censimentopfinternet.DocumentiPFITExecuter">
	                <Transition Name="TrConferma" Target="VARModificaPersonaFisica"/>
	      	    <Transition Name="TrNonConferma" Target="GestioneDocumenti"/>
      	     </Event>
	     <Event Name="Elimina" Executer="it.sella.anagrafe.sm.censimentopfinternet.DocumentiPFEliminaITExecuter">
			<Transition Name="TrConfrema" Target="GestioneDocumenti"/>
	     </Event>
	     <Event Name="Aggiungi">
			<Transition Name="TrAggiungi" Target="AddingDocumento"/>
		</Event>
		<Event Name="Modifica" Executer="it.sella.anagrafe.sm.censimentopfinternet.DocumentiPFModificaITExecuter">
			<Transition Name="TrModifica" Target="AddingDocumento"/>
		</Event>
      </State>

	<State Name="AddingDocumento">
		 <State Name="DettaglioDocumento" Default="true">
	    	<Event Name="Conferma" Executer="it.sella.anagrafe.sm.censimentopfinternet.DocumentiPFAggiungiITExecuter">
					<Transition Name="TrAggiungi" Target="GestioneDocumenti"/>
	        	      		<Transition Name="TrNonAggiungi" Target="DettaglioDocumento"/>
	      </Event>
			  <Event Name="Annulla" Executer="it.sella.anagrafe.sm.censimento_pf.DocumentiAnnullaPFExecuter" >
	 		      <Transition Name="TrAnnulla" Target="GestioneDocumenti"/>
        </Event>
		 </State>
  </State>

</StateMachine>

