<?xml version="1.0" encoding="UTF-8"?>

<!DOCTYPE StateMachine PUBLIC "-//SELLA//DTD StateMachine 1.0//EN" "StateMachine.dtd">

<StateMachine Name="AttributiTramiteAdmin" Secure="true">
	
    <Event Name="Conferma" Default="true" Executer="it.sella.anagrafe.sm.admin.AttributiTramiteDefaultExecuter" >
         <Transition Name="TrConferma" Target="AttributiTramiteHomePage"/>
    </Event>
    
	<State Name="AttributiTramiteHomePage" >
		<Event Name="Conferma" Executer="it.sella.anagrafe.sm.admin.AttributiTramiteRicercaExecuter" Retrieve="AttributiTramiteView">
			<Transition Name="TrConferma" Target="AttributiTramiteViewPage"/>
			<Transition Name="TrNonConferma" Target="AttributiTramiteHomePage"/>
        </Event>
		<Event Name="Add"  Retrieve="InformazioneManager" >
			<Transition Name="TrConferma" Target="AttributiTramiteInsertPage"/>
		</Event>
      	<Event Name="Annulla" Clear="OPERATION,InformazioneManager,AttributiTramiteView,AttributiTramiteViewNew">
			<Transition Name="TrConferma" Target="Pop"/>
		</Event>
	</State>
	
	<State Name="AttributiTramiteInsertPage">
		<Event Name="Conferma" Executer="it.sella.anagrafe.sm.admin.AttributiTramiteInsertModifyExecuter" Retrieve="AttributiTramiteViewNew,OPERATION">
			<Transition Name="TrConferma" Target="AttributiTramiteConfermaPage"/>
			<Transition Name="TrNonConferma" Target="AttributiTramiteInsertPage"/>
        </Event>
		<Event Name="Indietro">
			<Transition Name="TrConferma" Target="AttributiTramiteHomePage"/>
		</Event>
      	<Event Name="Annulla" Clear="OPERATION,InformazioneManager,AttributiTramiteView,AttributiTramiteViewNew">
			<Transition Name="TrConferma" Target="Pop"/>
		</Event>
	</State>
	
	<State Name="AttributiTramiteViewPage">
		<Event Name="Modifica"  Retrieve="AttributiTramiteView,InformazioneManager">
			<Transition Name="TrConferma" Target="AttributiTramiteModificaPage"/>
        </Event>
		<Event Name="Indietro" >
			<Transition Name="TrConferma" Target="AttributiTramiteHomePage"/>
		</Event>
      	<Event Name="Annulla" Clear="OPERATION,InformazioneManager,AttributiTramiteView,AttributiTramiteViewNew">
			<Transition Name="TrConferma" Target="Pop"/>
		</Event>
	  	<Event Name="Elimina" Store="OPERATION" Retrieve="AttributiTramiteView,OPERATION" >
			<Transition Name="TrConferma" Target="AttributiTramiteConfermaPage"/>
		</Event>
	</State>
	
	<State Name="AttributiTramiteModificaPage">
		<Event Name="Conferma" Executer="it.sella.anagrafe.sm.admin.AttributiTramiteInsertModifyExecuter" Retrieve="AttributiTramiteViewNew,AttributiTramiteView,OPERATION">
			<Transition Name="TrConferma" Target="AttributiTramiteConfermaPage"/>
			<Transition Name="TrNonConferma" Target="AttributiTramiteModificaPage"/>
        </Event>
		<Event Name="Indietro"  Retrieve="AttributiTramiteView">
		    <Transition Name="TrRicerca" Target="AttributiTramiteViewPage"/>
        </Event>
      	<Event Name="Annulla" Clear="OPERATION,InformazioneManager,AttributiTramiteView,AttributiTramiteViewNew">
			<Transition Name="TrConferma" Target="Pop"/>
		</Event>
	</State>
	
	<State Name="AttributiTramiteConfermaPage">
		<Event Name="Indietro"  Executer="it.sella.anagrafe.sm.admin.AttributiTramiteIndietroExecuter" Retrieve="AttributiTramiteView,AttributiTramiteViewNew">
            <Transition Name="TrModifica" Target="AttributiTramiteModificaPage"/>
            <Transition Name="TrInserto" Target="AttributiTramiteInsertPage"/>
            <Transition Name="TrRicerca" Target="AttributiTramiteViewPage"/>
        </Event>
       <Event Name="Conferma" Executer="it.sella.anagrafe.sm.admin.AttributiTramiteConfermaExecuter" 
       			Retrieve="AttributiTramiteView,AttributiTramiteViewNew,OPERATION">
			<Transition Name="TrConferma" Target="Pop"/>
			<Transition Name="TrNonConferma" Target="AttributiTramiteConfermaPage"/>
        </Event>
      	<Event Name="Annulla" 
      			Clear="OPERATION,InformazioneManager,AttributiTramiteView,AttributiTramiteViewNew">
			<Transition Name="TrConferma" Target="Pop"/>
		</Event>
	</State>
	
	<State Name="Pop" Final="true">
    </State>

    <IOParams>
        <Input Params=""/>
        <Output Params=""/>
    </IOParams>
   
</StateMachine>	
