<?xml version="1.0" encoding="UTF-8"?>

<!DOCTYPE StateMachine PUBLIC "-//SELLA//DTD StateMachine 1.0//EN" "StateMachine.dtd">

<StateMachine Name="AttributiEsterniAdmin" Secure="true">

  <State Name="AttributiEsterni" Default="true">
      <Event Name="Conferma" Executer="it.sella.anagrafe.sm.admin.AttributiEsterniExecuter" Retrieve="AttributiEsterniAdmin">
          <Transition Name="TrConferma" Target="AttributiEsterniConferm"/>
          <Transition Name="TrSameState" Target="AttributiEsterni"/>
      </Event>
      <Event Name="Indietro" Clear="AttributiEsterniAdmin">
          <Transition Name="TrConferma" Target="Pop"/>
      </Event>

  </State>

  <State Name="AttributiEsterniConferm">
      <Event Name="Conferma" Executer="it.sella.anagrafe.sm.admin.AttributiEsterniConfermExecuter" Retrieve="AttributiEsterniAdmin">
          <Transition Name="TrConferma" Target="Pop"/>
          <Transition Name="TrNonConferma" Target="AttributiEsterniConferm"/>
      </Event>
      <Event Name="Indietro" Retrieve="AttributiEsterniAdmin,firma">
          <Transition Name="TrConferma" Target="AttributiEsterni"/>
      </Event>
  </State>

  <State Name="Pop" Final="true">
  </State>

  <IOParams>
	<Input Params=""/>
	 <Output Params=""/>
  </IOParams>
</StateMachine>