<?xml version="1.0" encoding="UTF-8"?>

<!DOCTYPE StateMachine PUBLIC "-//SELLA//DTD StateMachine 1.0//EN" "StateMachine.dtd">

<StateMachine Name="BollinoBlu" Secure="true">

	<IOParams>
  		<Input Params=""/>
		<Input Params="MAIN_SOGGETTO_ID:Long"/>
		<Input Params="MAIN_SOGGETTO_ID:String"/>
		<Output Params=""/>
	</IOParams>

  <State Name="BollinoBluDefaultPage" Default="true">
        <Event Name="DefaultEvent" Executer="it.sella.anagrafe.sm.bollinoblu.BollinoBluDefaultExecuter" Retrieve="IS_PL">
            <Transition Name="TrDefault" Target="BollinoBluPage"/>
            <Transition Name="TrPL" Target="BollinoBluPlPage"/>
        </Event>
    </State>
    
	<State Name="BollinoBluPage">
        <Event Name="Conferma" Executer="it.sella.anagrafe.sm.bollinoblu.BollinoBluConfermaExecuter" Retrieve="IS_PL">
            <Transition Name="TrStampe" Type="Push" Application="StampeOnLine" InputParams="xmlData,documentoCode,ristampa,archiviazione" OutputParams="stampa" Target="Intermediate"/>
            <Transition Name="TrConferma" Target="Intermediate" />
            <Transition Name="TrNonConferma" Target="BollinoBluPage"/>
            <Transition Name="TrHref" Target="HrefPage"/>
        </Event>
        <Event Name="Variazione" Executer="it.sella.anagrafe.sm.bollinoblu.BollinoBluVariazioneExecuter" Store="selectedBollino">
            <Transition Name="TrVariazionePF" InputParams="MAIN_SOGGETTO_ID" OutputParams="" Target="Dummy" Type="Push" Application="CensimentoPF"/>
            <Transition Name="TrVariazionePL" InputParams="MAIN_SOGGETTO_ID" OutputParams="" Target="Dummy" Type="Push" Application="CensimentoPL"/>
        </Event>
        <Event Name="Annulla" Clear="IS_PL,BOLLINO_BLU">
            <Transition Name="TrAnnulla" Target="Pop"/>
        </Event>
        <Event Name="Forward" Store="url" Retrieve="url">
            <Transition Name="TrHref" Target="HrefPage"/>
        </Event>
        <Event Name="BlankBollinoBluStampa" Executer="it.sella.anagrafe.sm.bollinoblu.BollinoBluBlankStampaExecuter" Store="selectedBollino">
            <Transition Name="TrStampe" Type="Push" Application="StampeOnLine" InputParams="xmlData,documentoCode,ristampa,archiviazione" OutputParams="stampa" Target="Dummy"/>
        </Event>
    </State>

    <State Name="BollinoBluPlPage">
        <Event Name="ConfermaStampa" Executer="it.sella.anagrafe.sm.bollinoblu.PLBollinoBluConfermaExecuter">
            <Transition Name="TrPLStampe" Type="Push" Application="StampeOnLine" InputParams="xmlData,documentoCode,ristampa,archiviazione" OutputParams="stampa" Target="PLIntermediate"/>
            <Transition Name="TrPL" Target="BollinoBluPlPage" />
        </Event>
        <Event Name="Ristampa" Executer="it.sella.anagrafe.sm.bollinoblu.PLBollinoBluRistampaExecuter">
            <Transition Name="TrPLStampe" Type="Push" Application="StampeOnLine" InputParams="xmlData,documentoCode,ristampa,archiviazione" OutputParams="stampa" Target="PLIntermediate"/>
            <Transition Name="TrPL" Target="BollinoBluPlPage" />
        </Event>
        <Event Name="Annulla" Clear="BOLLINO_BLU,IS_PL">
            <Transition Name="TrAnnulla" Target="Pop"/>
        </Event>
    </State>

    <State Name="HrefPage"/>

    <State Name="Intermediate">
        <Event Name="Default" Default="true" Clear="IS_PL,BOLLINO_BLU">
            <Transition Name="TrDefault" Target="Pop"/>
        </Event>
    </State>

    <State Name="PLIntermediate">
        <Event Name="Default" Default="true" Executer="it.sella.anagrafe.sm.bollinoblu.BollinoBluPLPageReloadExecuter">
            <Transition Name="TrPL" Target="BollinoBluPlPage"/>
        </Event>
    </State>

    <State Name="Dummy" >
          <Event Name="DefaultEvent" Executer="it.sella.anagrafe.sm.bollinoblu.BollinoBluReloadExecuter" Default="true" Retrieve="IS_PL">
               <Transition Name="TrDefault" Target="BollinoBluPage"/>
          </Event>
    </State>

    <State Name="Pop" Final="true">
    </State>

</StateMachine>
