<?xml version="1.0" encoding="UTF-8"?>

<!DOCTYPE StateMachine PUBLIC "-//SELLA//DTD StateMachine 1.0//EN" "StateMachine.dtd">

<StateMachine Name="CapPeieAdmin" Secure="true">

	<State Name="CapPeieHomePage" Default="true">
		<Event Name="Conferma" Executer="it.sella.anagrafe.sm.admin.CapPeieRicercaExecuter">
			<Transition Name="TrNonConferma" Target="CapPeieHomePage"/>
        	<Transition Name="TrConferma" Target="CapPeieRicercaDetails"/>
		</Event>
      	<Event Name="Add" >
			<Transition Name="TrConferma" Target="CapPeieInserto"/>
		</Event>
		<Event Name="Annulla" Clear="ButtonType,Sigla">
			<Transition Name="TrConferma" Target="Pop"/>
		</Event>
	</State>
   
	<State Name="CapPeieInserto" >
    	<Event Name="Conferma" Executer="it.sella.anagrafe.sm.admin.CapPeieInsertExecuter" Retrieve="ButtonType" >
			<Transition Name="TrNonConferma" Target="CapPeieInserto" />
			<Transition Name="TrConferma" Target="CapPeieConferma" />
		</Event>
		<Event Name="Annulla" Clear="ButtonType,Sigla">
			<Transition Name="TrConferma" Target="Pop"/>
		</Event>
		<Event Name="Indietro"> 
			<Transition Name="TrConferma" Target="CapPeieHomePage"/>
		</Event>
	</State>   
   
	<State Name="CapPeieRicercaDetails" >
		<Event Name="Modifica" Executer="it.sella.anagrafe.sm.admin.CapPeieRicercaDettaglioExecuter" >
			<Transition Name="TrConferma" Target="CapPeieModifica"/>
			<Transition Name="TrNonConferma" Target="CapPeieRicercaDetails" />
		</Event> 
		<Event Name="Elimina" Executer="it.sella.anagrafe.sm.admin.CapPeieRicercaDettaglioExecuter" >
			<Transition Name="TrConferma" Target="CapPeieConferma"/>
			<Transition Name="TrNonConferma" Target="CapPeieRicercaDetails" />
		</Event>
		<Event Name="Annulla" Clear="ButtonType,Sigla">
			<Transition Name="TrConferma" Target="Pop"/>
		</Event>
		<Event Name="Indietro"> 
			<Transition Name="TrConferma" Target="CapPeieHomePage"/>
		</Event>
	</State>
    
	<State Name="CapPeieModifica" >
		<Event Name="Conferma" Executer="it.sella.anagrafe.sm.admin.CapPeieModificaExecuter" Retrieve="ButtonType">
			<Transition Name="TrConferma" Target="CapPeieConferma"/>
			<Transition Name="TrNonConferma" Target="CapPeieModifica"/>
		</Event>
		<Event Name="GoToRicerca" Executer="it.sella.anagrafe.sm.admin.CapPeieIndietroExecuter" Retrieve="ButtonType"> 
			<Transition Name="TrRicerca" Target="CapPeieRicercaDetails"/>
		</Event> 
		<Event Name="Annulla" Clear="ButtonType,Sigla">
			<Transition Name="TrConferma" Target="Pop"/>
        </Event> 
	</State>
    
	<State Name="CapPeieConferma">
        <Event Name="Annulla" Clear="ButtonType,Sigla">
			<Transition Name="TrConferma" Target="Pop"/>
        </Event>
		<Event Name="Conferma" Executer="it.sella.anagrafe.sm.admin.CapPeieConfermaExecuter" Retrieve="ButtonType">
			<Transition Name="TrConferma" Target="Pop"/>
        	<Transition Name="TrNonConferma" Target="CapPeieConferma"/>
        </Event>
        <Event Name="Indietro" Executer="it.sella.anagrafe.sm.admin.CapPeieIndietroExecuter" Retrieve="ButtonType,Sigla">
            <Transition Name="TrModifica" Target="CapPeieModifica"/>
            <Transition Name="TrRicerca" Target="CapPeieRicercaDetails"/>
            <Transition Name="TrInserto" Target="CapPeieInserto"/>
            <Transition Name="TrNonConferma" Target="CapPeieConferma"/>
        </Event>
	</State>

	<State Name="Pop" Final="true">
    
    </State>

    <IOParams>
        <Input Params=""/>
        <Output Params=""/>
    </IOParams>
   
 </StateMachine>	
