<?xml version="1.0" encoding="UTF-8"?>
<!DOCTYPE StateMachine PUBLIC "-//SELLA//DTD StateMachine 1.0//EN" "StateMachine.dtd">
<StateMachine Name="CensimentoPL" Secure="true">

    <Event Name="DefaultEvent" Default="true" Executer="it.sella.anagrafe.sm.censimentopl.CensimentoPLDefaultExecuter" Retrieve="DAI_VALUE,SoggettoID,apivacausale,apivadescrip,RegimeExists,RegimeDataRevocaExists,Regime_Attivazione_Link,Regime_Revoca_Link,IS_SOC_DISPLAY_ALLOWED">
        <Transition Name="TrVariazione" Target="PLModificaPlurintestazione" />
        <Transition Name="TrConferma" Target="GestioneIntestatariPL"/>
        <Transition Name="TrNonConferma" Target="PopTheApplication"/>
    	 <Transition Name="TrNonDisponibilita" Target="NonDisponibilitaErrorPage"/>
    </Event>

 	<State Name="NonDisponibilitaErrorPage">
      <Event Name="Annulla">
         <Transition Name="TrConferma" Target="PopTheApplication"/>
      </Event>
 	 </State>

    <State Name="GestioneIntestatariPL">
        <Event Name="IntestatarioAggiungi" Executer="it.sella.anagrafe.sm.censimentopl.IntestatarioAggiungiExecuter">
            <Transition Name="TrConferma" Target="Dummy" Type="Push" Application="CensimentoPF" InputParams="Nome,Cognome,Day,Month,Year,RICERCA_PL,CENSIMENTOPF_ISFORPL" OutputParams="SOGGETTO_ID"/>
			<Transition Name="Tr8Cifre" Target="Dummy"/>
			<Transition Name="TrNonConferma" Target="GestioneIntestatariPL"/>
        </Event>

        <Event Name="Conferma" Executer="it.sella.anagrafe.sm.censimentopl.IntestatariConfermaExecuter" Retrieve="DAI_VALUE,SoggettoID,apivacausale,apivadescrip,RegimeExists,RegimeDataRevocaExists,Regime_Attivazione_Link,Regime_Revoca_Link,IS_SOC_DISPLAY_ALLOWED">
   	        <Transition Name="TrNonConferma"  Target="GestioneIntestatariPL" />
            <Transition Name="TrConferma"  Target="IndirizziRecapiti" />
            <Transition Name="TrModifica" Target="PLModificaPlurintestazione"/>
        </Event>
        <Event Name="IntestatarioElimina" Executer="it.sella.anagrafe.sm.censimentopl.IntestatarioEliminaExecuter">
    	    <Transition Name="TrConferma"  Target="GestioneIntestatariPL" />
    	    <Transition Name="TrNonConferma"  Target="GestioneIntestatariPL" />
        </Event>
        <Event Name="Annulla" Executer="it.sella.anagrafe.sm.censimentopl.AnnullaExecuter">
    	    <Transition Name="TrConferma"  Target="Pop" />
        </Event>
        <Event Name="GIAnnulla" Executer="it.sella.anagrafe.sm.censimentopl.CensimentoPLAnnullaExecuter" Retrieve="DAI_VALUE,SoggettoID,apivacausale,apivadescrip,RegimeExists,RegimeDataRevocaExists,Regime_Attivazione_Link,Regime_Revoca_Link,IS_SOC_DISPLAY_ALLOWED">
    	    <Transition Name="TrConferma"  Target="PLModificaPlurintestazione" />
        </Event>
        <Event Name="IndietroHome" >
    	    <Transition Name="TrConferma"  Target="Pop" />
        </Event>
    </State>

    <State Name="Dummy" >
        <Event Name="DefaultEvent" Default="true" Executer="it.sella.anagrafe.sm.censimentopl.CensimentoPLReturnDefaultExecuter">
             <Transition Name="TrConferma" Target="GestioneIntestatariPL"/>
        </Event>
    </State>

    <State Name="Pop" >
        <Event Name="Dummy" >
             <Transition Name="TrConferma" Target="PopTheApplication"/>
        </Event>
    </State>


    <State Name="IndirizziRecapiti" >
		 <Event Name="Conferma"  Executer ="it.sella.anagrafe.sm.censimentopl.IndirizziRecapitiExecuter" Retrieve="DAI_VALUE,SoggettoID,apivacausale,apivadescrip,RegimeExists,RegimeDataRevocaExists,Regime_Attivazione_Link,Regime_Revoca_Link,IS_SOC_DISPLAY_ALLOWED">
		      <Transition Name="TrConferma" Target="IntermediariEventiMemo"/>
		      <Transition Name="TrModifica" Target="PLModificaPlurintestazione"/>
		      <Transition Name="TrNonConferma" Target="IndirizziRecapiti"/>
		      <Transition Name="TrSkipIntermediari" Target="PLModificaPlurintestazione"/>
		 </Event>
		 <Event Name="RecapitiAggiungi"  Executer ="it.sella.anagrafe.sm.censimentopl.RecapitiAggiungiExecuter" Retrieve="SoggettoID,apivacausale,apivadescrip,RegimeExists,RegimeDataRevocaExists,Regime_Attivazione_Link,Regime_Revoca_Link,IS_SOC_DISPLAY_ALLOWED">
			<Transition Name="TrConferma" Target="IndirizziRecapiti"/>
		 </Event>
		 <Event Name="InstrModifica" Secure="true">
		  	<Transition Name="TrConferma" Target="IndirizziRecapiti"/>
		 </Event>
		 <Event Name="RecapitiModifica"  Executer ="it.sella.anagrafe.sm.censimentopl.RecapitiModificaExecuter" Retrieve="SoggettoID,apivacausale,apivadescrip,RegimeExists,RegimeDataRevocaExists,Regime_Attivazione_Link,Regime_Revoca_Link,IS_SOC_DISPLAY_ALLOWED">
		  	<Transition Name="TrConferma" Target="IndirizziRecapiti"/>
		 </Event>
		 <Event Name="RecapitiElimina"  Executer ="it.sella.anagrafe.sm.censimentopl.RecapitiEliminaExecuter" Retrieve="SoggettoID,apivacausale,apivadescrip,RegimeExists,RegimeDataRevocaExists,Regime_Attivazione_Link,Regime_Revoca_Link,IS_SOC_DISPLAY_ALLOWED">
		  	<Transition Name="TrConferma" Target="IndirizziRecapiti"/>
		 </Event>
		 <Event Name="IRAnnulla" Executer="it.sella.anagrafe.sm.censimentopl.CensimentoPLAnnullaExecuter" Retrieve="DAI_VALUE,SoggettoID,apivacausale,apivadescrip,RegimeExists,RegimeDataRevocaExists,Regime_Attivazione_Link,Regime_Revoca_Link,IS_SOC_DISPLAY_ALLOWED">
			<Transition Name="TrAnnulla" Target="PLModificaPlurintestazione"/>
		 </Event>
		 <Event Name="Annulla" Executer="it.sella.anagrafe.sm.censimentopl.AnnullaExecuter">
		  	<Transition Name="TrConferma"  Target="Pop" />
		 </Event>
		 <Event Name="IndietroIntestatario" Executer="it.sella.anagrafe.sm.censimentopl.IndietroExecuter" >
		  	<Transition Name="TrConferma"  Target="GestioneIntestatariPL" />
		 </Event>
      </State>

      <State Name="IntermediariEventiMemo">
   	     <Event Name="Conferma" Executer = "it.sella.anagrafe.sm.censimentopl.IntermediariEventiMemoExecuter" Retrieve="DAI_VALUE,SoggettoID,apivacausale,apivadescrip,RegimeExists,RegimeDataRevocaExists,Regime_Attivazione_Link,Regime_Revoca_Link,IS_SOC_DISPLAY_ALLOWED">
        	  <Transition Name="TrConferma" Target="PLModificaPlurintestazione"/>
           	  <Transition Name="TrNonConferma" Target="IntermediariEventiMemo"/>
              <Transition Name="TrModifica" Target="PLModificaPlurintestazione"/>
              <Transition Name="TrIntermediari" Target="IntermediariEventiMemo"/>
         </Event>
   	     <Event Name="IntermediariAggiungi" Executer = "it.sella.anagrafe.sm.censimentopl.IntermediariAggiungiExecuter">
        	  <Transition Name="TrConferma" Target="IntermediariEventiMemo"/>
        	  <Transition Name="TrNonConferma" Target="IntermediariEventiMemo"/>
         </Event>
   	     <Event Name="IntermediariElimina" Executer = "it.sella.anagrafe.sm.censimentopl.IntermediariEliminaExecuter">
        	  <Transition Name="TrConferma" Target="IntermediariEventiMemo"/>
             </Event>
   	     <Event Name="EventiAggiungi" Executer = "it.sella.anagrafe.sm.censimentopl.EventiAggiungiExecuter" Secure="true">
        	  <Transition Name="TrConferma" Target="IntermediariEventiMemo"/>
        	  <Transition Name="TrNonConferma" Target="IntermediariEventiMemo"/>
         </Event>
   	     <Event Name="EventiModifica" Executer = "it.sella.anagrafe.sm.censimentopl.EventiModificaExecuter" Secure="true">
        	  <Transition Name="TrConferma" Target="IntermediariEventiMemo"/>
         </Event>
   	     <Event Name="EventiElimina" Executer = "it.sella.anagrafe.sm.censimentopl.EventiEliminaExecuter" Secure="true">
        	  <Transition Name="TrConferma" Target="IntermediariEventiMemo"/>
         </Event>
   	     <Event Name="MemoAggiungi" Executer = "it.sella.anagrafe.sm.censimentopl.MemoAggiungiExecuter">
        	  <Transition Name="TrConferma" Target="IntermediariEventiMemo"/>
        	  <Transition Name="TrNonConferma" Target="IntermediariEventiMemo"/>
             </Event>
   	     <Event Name="MemoModifica" Executer = "it.sella.anagrafe.sm.censimentopl.MemoModificaExecuter">
        	  <Transition Name="TrConferma" Target="IntermediariEventiMemo"/>
             </Event>
   	     <Event Name="MemoElimina" Executer = "it.sella.anagrafe.sm.censimentopl.MemoEliminaExecuter">
        	  <Transition Name="TrConferma" Target="IntermediariEventiMemo"/>
         </Event>
         <Event Name="IEMAnnulla" Executer="it.sella.anagrafe.sm.censimentopl.CensimentoPLAnnullaExecuter" Retrieve="DAI_VALUE,SoggettoID,apivacausale,apivadescrip,RegimeExists,RegimeDataRevocaExists,Regime_Attivazione_Link,Regime_Revoca_Link,IS_SOC_DISPLAY_ALLOWED">
         	  <Transition Name="TrAnnulla" Target="PLModificaPlurintestazione"/>
         </Event>
         <Event Name="Annulla" Executer="it.sella.anagrafe.sm.censimentopl.AnnullaExecuter">
              <Transition Name="TrConferma"  Target="Pop" />
         </Event>
         <Event Name="IndietroIR" Executer="it.sella.anagrafe.sm.censimentopl.IndietroExecuter" Retrieve="SoggettoID,apivacausale,apivadescrip,RegimeExists,RegimeDataRevocaExists,Regime_Attivazione_Link,Regime_Revoca_Link,IS_SOC_DISPLAY_ALLOWED">
              <Transition Name="TrConferma"  Target="IndirizziRecapiti" />
         </Event>
    </State>

    <State Name="PLModificaPlurintestazione">
        <Event Name="CalcolaDai" Executer="it.sella.anagrafe.sm.censimentopl.CalcolaDaiPLExecuter" Retrieve="DAI_VALUE,SoggettoID,apivacausale,apivadescrip,RegimeExists,RegimeDataRevocaExists,Regime_Attivazione_Link,Regime_Revoca_Link,IS_SOC_DISPLAY_ALLOWED">
            <Transition Name="TrDaiNonConferma" Target="PLModificaPlurintestazione"/>
            <Transition Name="TrConferma" Target="Pop"/>
            <Transition Name="TrNonConferma" Target="PLModificaPlurintestazione"/>
            <Transition Name="TrScheda" Target="SchedaCliente"/>
        </Event>
    	<Event Name="Annulla" Executer="it.sella.anagrafe.sm.censimentopl.AnnullaExecuter">
            <Transition Name="TrConferma" Target="Pop" />
     	</Event>
    	<Event Name="Conferma" Executer="it.sella.anagrafe.sm.censimentopl.RiepilogoPLExecuter" Secure="true" Retrieve="DAI_VALUE,SoggettoID,apivacausale,apivadescrip,RegimeExists,RegimeDataRevocaExists,Regime_Attivazione_Link,Regime_Revoca_Link,IS_SOC_DISPLAY_ALLOWED">
            <Transition Name="TrConferma" Target="Pop"/>
            <Transition Name="TrNonConferma" Target="PLModificaPlurintestazione"/>
            <Transition Name="TrScheda" Target="SchedaCliente"/>
       	</Event>
    	<Event Name="ConfermaSocket" Executer="it.sella.anagrafe.sm.censimentopl.RiepilogoPLExecuter" Secure="true" Retrieve="DAI_VALUE,SoggettoID,apivacausale,apivadescrip,RegimeExists,RegimeDataRevocaExists,Regime_Attivazione_Link,Regime_Revoca_Link,IS_SOC_DISPLAY_ALLOWED">
            <Transition Name="TrConferma" Target="Pop"/>
            <Transition Name="TrNonConferma" Target="PLModificaPlurintestazione"/>
            <Transition Name="TrScheda" Target="SchedaCliente"/>
       	</Event>
    	<Event Name="Create8Cifre" Executer="it.sella.anagrafe.sm.censimentopl.RiepilogoPLExecuter" Secure="true" Retrieve="DAI_VALUE,SoggettoID,apivacausale,apivadescrip,RegimeExists,RegimeDataRevocaExists,Regime_Attivazione_Link,Regime_Revoca_Link,IS_SOC_DISPLAY_ALLOWED">
            <Transition Name="TrConferma" Target="Pop"/>
            <Transition Name="TrNonConferma" Target="PLModificaPlurintestazione"/>
            <Transition Name="TrScheda" Target="SchedaCliente"/>
       	</Event>
    	<Event Name="ConfermaNoHost" Executer="it.sella.anagrafe.sm.censimentopl.RiepilogoPLExecuter" Secure="true" Retrieve="DAI_VALUE,SoggettoID,apivacausale,apivadescrip,RegimeExists,RegimeDataRevocaExists,Regime_Attivazione_Link,Regime_Revoca_Link,IS_SOC_DISPLAY_ALLOWED">
            <Transition Name="TrConferma" Target="Pop"/>
            <Transition Name="TrNonConferma" Target="PLModificaPlurintestazione"/>
            <Transition Name="TrScheda" Target="SchedaCliente"/>
       	</Event>
    	<Event Name="PostaleModifica" Executer="it.sella.anagrafe.sm.censimentopl.RiepilogoRedirectExecuter" Retrieve="SoggettoID,apivacausale,apivadescrip,RegimeExists,RegimeDataRevocaExists,Regime_Attivazione_Link,Regime_Revoca_Link,IS_SOC_DISPLAY_ALLOWED">
            <Transition Name="TrConferma" Target="IndirizziRecapiti"/>
    	</Event>
     	<Event Name="intermediariModifica" Executer="it.sella.anagrafe.sm.censimentopl.RiepilogoRedirectExecuter" >
            <Transition Name="TrConferma" Target="IntermediariEventiMemo"/>
    	</Event>

     	<Event Name="IntestatarioModifica" Executer="it.sella.anagrafe.sm.censimentopl.RiepilogoRedirectExecuter" Secure="true">
            <Transition Name="TrConferma" Target="GestioneIntestatariPL"/>
    	</Event>

      <Event Name="IndietroIEM" Executer="it.sella.anagrafe.sm.censimentopl.IndietroExecuter" >
              <Transition Name="TrConferma"  Target="IntermediariEventiMemo"/>
      </Event>
	  <Event Name="SoggettoIDDisplayInRiepilogoPage" Secure="true">
             	<Transition Name="TrConferma" Target="PLModificaPlurintestazione"/>
      </Event>
       <Event Name="ManageRecapiti" Executer="it.sella.anagrafe.sm.censimentopl.ManageRecapitiPushExecuter" Secure="true">
        	<Transition Name="TrConferma" Target="ReloadRiepilogoForManageRecapiti" Type="Push"
        		Application="ManageRecapiti" InputParams="RecapitiSoggettoId,THROUGH_ANAGRAFE" OutputParams="RecapitiCollection,ManageRecapiti_Redirect,Canale_Preferito_View" />
        </Event>
    </State>

	 <State Name="ReloadRiepilogoForManageRecapiti">
           <Event Name="Default" Default="true"
           	Executer="it.sella.anagrafe.sm.censimentopl.ManageRecapitiReloadExecuter"
           	Retrieve="DAI_VALUE,SoggettoID,apivacausale,apivadescrip,RegimeExists,RegimeDataRevocaExists,Regime_Attivazione_Link,Regime_Revoca_Link,IS_SOC_DISPLAY_ALLOWED">
           	<Transition Name="TrRiepilogo" Target="PLModificaPlurintestazione" />
           	<Transition Name="TrHomePage" Target="PopTheApplication" />
           </Event>
	 </State>

	<State Name="SchedaCliente">
    	<!-- <Event Name="Default" Default="true">
        	<Transition Name="TrScheda" Type="Push" Application="CRMQuestionarioProfilo" InputParams="SOGGETTO_ID,CODICE_QUEST,PRINT_PDF_FLAG" OutputParams="QUESTIONARIO_VIEW" Target="Intermediate"/>
        </Event> -->
        <Event Name="Default" Default="true" Clear="CODICE_QUEST,PRINT_PDF_FLAG">
        	<Transition Name="TrConferma" Target="Pop"/>
        </Event>
	</State>

	<State Name="Intermediate">
    	<Event Name="Default" Default="true" Clear="QUESTIONARIO_VIEW">
        	<Transition Name="TrConferma" Target="Pop"/>
        </Event>
	</State>

    <State Name="PopTheApplication" Final="true">
    </State>

    <IOParams>
	    <Input Params=""/>
	    <Input Params="MOTIVI:java.util.Collection"/>
	    <Input Params="ONLY_FOR_ANAGRAFE:String,MOTIVI:java.util.Collection"/>

	    <Input Params="variazionePLSoggettoId:String"/>
	    <Input Params="ONLY_FOR_ANAGRAFE:String,variazionePLSoggettoId:String"/>
	    <Input Params="MOTIVI:java.util.Collection,variazionePLSoggettoId:String"/>
	    <Input Params="ONLY_FOR_ANAGRAFE:String,MOTIVI:java.util.Collection,variazionePLSoggettoId:String"/>
	    <Output Params="SOGGETTO_ID:Long"/>
    </IOParams>

</StateMachine>



