<?xml version="1.0" encoding="UTF-8"?>
<!DOCTYPE StateMachine PUBLIC "-//SELLA//DTD StateMachine 1.0//EN" "StateMachine.dtd">

<StateMachine Name="CensimentoAutomaticoSM" Secure="true">
<IOParams>
        <Input Params=""/>
        <Output Params=""/>
</IOParams>
<State Name="CensimentoAutomaticoDefault" Default="true">
     <Event Name="CercaDefault" Default="true" Executer="it.sella.anagrafe.sm.censimentoautomatico.CensimentoAutomaticoSearchExecuter" Retrieve="elencoPL,elencoPF,elencoAZ,rif_date">
            <Transition Name="TrConferma" Target="CensimentoAutomatico"/>
		    <Transition Name="TrNonConferma" Target="CensimentoAutomatico"/>
	 </Event>
</State>	 
<State Name="CensimentoAutomatico">
	<Event Name="Cerca" Executer="it.sella.anagrafe.sm.censimentoautomatico.CensimentoAutomaticoSearchExecuter" Retrieve="elencoPL,elencoPF,elencoAZ,rif_date">
            <Transition Name="TrConferma" Target="CensimentoAutomatico"/>
		    <Transition Name="TrNonConferma" Target="CensimentoAutomatico"/>
	 </Event>
	 <Event Name="ConfermaCensimento" Executer="it.sella.anagrafe.sm.censimentoautomatico.CensimentoAutomaticoConfermaExecuter" Retrieve="elencoPL,elencoPF,elencoAZ,rif_date">
            <Transition Name="TrConferma" Target="CensimentoAutomaticoCerca"/>
		    <Transition Name="TrNonConferma" Target="CensimentoAutomaticoCerca"/>
	 </Event>
	 <Event Name="Cancella" Executer="it.sella.anagrafe.sm.censimentoautomatico.CensimentoAutomaticoCancellaExecuter" Retrieve="elencoPL,elencoPF,elencoAZ,rif_date">
            <Transition Name="TrConferma" Target="CensimentoAutomaticoCerca"/>
		    <Transition Name="TrNonConferma" Target="CensimentoAutomaticoCerca"/>
	 </Event>
	 <Event Name="Annulla" clear="elencoPL,elencoPF,elencoAZ,rif_date">
            <Transition Name="TrAnnulla" Target="PopTheApplication"/>
     </Event>
	 
</State>	

<State Name="CensimentoAutomaticoCerca" >
	<Event Name="Cerca" Executer="it.sella.anagrafe.sm.censimentoautomatico.CensimentoAutomaticoSearchExecuter" Retrieve="elencoPL,elencoPF,elencoAZ,rif_date" Default="true">
            <Transition Name="TrConferma" Target="CensimentoAutomatico"/>
		    <Transition Name="TrNonConferma" Target="CensimentoAutomatico"/>
	 </Event>
</State>	 
<State Name="PopTheApplication" Final="true">
</State>	    
</StateMachine>
