<?xml version="1.0" encoding="UTF-8"?>

<!DOCTYPE StateMachine PUBLIC "-//SELLA//DTD StateMachine 1.0//EN" "StateMachine.dtd">

<StateMachine Name="CensimentoAutomaticoAdmin" Secure="true">
    <IOParams>
        <Input Params=""/>
        <Output Params=""/>
    </IOParams>

	<!-- Search Started -->
    <State Name="CensimentoAutomaticoAdminInput" Default="true">
    	<Event Name="DefaultEvent" Retrieve="SearchSoggettiPromotore,BankId" Executer="it.sella.anagrafe.sm.censimentoautomaticoadmin.CensimentoAutomaticoAdminDefaultExecuter" Default="true"/>
        <Event Name="SearchConferma" Executer="it.sella.anagrafe.sm.censimentoautomaticoadmin.CensimentoAutomaticoAdminSearchExecuter" Retrieve="SearchSoggettiPromotore">
            <Transition Name="TrConferma" Target="CensimentoAutomaticoAdminInput"/>
            <Transition Name="TrNonConferma" Target="CensimentoAutomaticoAdminInput"/>
        </Event>

        <Event Name="Indietro" Clear="SearchSoggettiPromotore">
            <Transition Name="TrConferma" Target="Pop"/>
        </Event>
        <Event Name="Insert">
            <Transition Name="TrConferma" Target="CensimentoAutomaticoAdminInsert"/>
        </Event>

        <Event Name="Conferma">
            <Transition Name="TrConferma" Target="CensimentoAutomaticoAdminSearchResult"/>
        </Event>

    </State>
	<!-- Search Ended -->

    <!-- Search Modifica or Delete Started -->
    <State Name="CensimentoAutomaticoAdminSearchResult" >
		<Event Name="DefaultEvent" Executer="it.sella.anagrafe.sm.censimentoautomaticoadmin.CensimentoAutomaticoAdminModifyOrDeleteDetExecuter" Retrieve="SearchSoggettiPromotore,SoggettiPromtoreView,sp_id"  Default="true"/>
		<Event Name="Modifica">
            <Transition Name="TrConferma" Target="CensimentoAutomaticoAdminModifica"/>
        </Event>

        <Event Name="Indietro" Executer="it.sella.anagrafe.sm.censimentoautomaticoadmin.CensimentoAutomaticoAdminIndietroExecuter" Retrieve="SearchSoggettiPromotore">
            <Transition Name="TrConferma" Target="CensimentoAutomaticoAdminInput"/>
        </Event>

		<Event Name="Delete">
            <Transition Name="TrConferma" Target="CensimentoAutomaticoAdminModificaOrDelete"/>
        </Event>

        <Event Name="Annulla" Clear="SoggettiPromtoreView,sp_id">
            <Transition Name="TrConferma" Target="Pop"/>
        </Event>
    </State>
    <!-- Search Modifica or Delete Ended -->


	<!-- Modifica Started -->
     <State Name="CensimentoAutomaticoAdminModifica">
     	<Event Name="DefaultEvent" Retrieve="SoggettiPromtoreView,ModifySoggettiPromtoreView" Default="true"/>
     	<Event Name="Conferma" Executer="it.sella.anagrafe.sm.censimentoautomaticoadmin.CensimentoAutomaticoAdminModifyExecuter">
            <Transition Name="TrConferma" Target="CensimentoAutomaticoAdminModificaOrDelete"/>
            <Transition Name="TrNonConferma" Target="CensimentoAutomaticoAdminModifica"/>
        </Event>

        <Event Name="Indietro" Clear="SearchSoggettiPromotore">
            <Transition Name="TrConferma" Target="CensimentoAutomaticoAdminSearchResult"/>
        </Event>
     </State>
	<!-- Modifica Ended -->

     <!-- Modifica or Delete Started -->
     <State Name="CensimentoAutomaticoAdminModificaOrDelete">
     	<Event Name="DefaultEvent" Retrieve="ModifySoggettiPromtoreView,SoggettiPromtoreView" Default="true"/>
     	 <Event Name="Conferma" Executer="it.sella.anagrafe.sm.censimentoautomaticoadmin.CensimentoAutomaticoAdminModifyOrDeleteExecuter"  Retrieve="SoggettiPromtoreView">
            <Transition Name="TrConferma" Target="CensimentoAutomaticoAdminInput"/>
            <Transition Name="TrNonConferma" Target="CensimentoAutomaticoAdminModificaOrDelete"/>
        </Event>

        <Event Name="Indietro" Executer="it.sella.anagrafe.sm.censimentoautomaticoadmin.CensimentoAutomaticoAdminIndietroExecuter">
            <Transition Name="TrConferma" Target="CensimentoAutomaticoAdminSearchResult"/>
        </Event>

    </State>
    <!-- Modifica or Delete Ended -->

    <!-- Insert Started -->
    <State Name="CensimentoAutomaticoAdminInsert">
    	<Event Name="DefaultEvent" Retrieve="BankId" Default="true"/>
        <Event Name="Conferma" Executer="it.sella.anagrafe.sm.censimentoautomaticoadmin.CensimentoAutomaticoAdminInsertExecuter" Retrieve="EnteredSoggettiPromotoreView">
            <Transition Name="TrConferma" Target="CensimentoAutomaticoAdminInput"/>
            <Transition Name="TrNonConferma" Target="CensimentoAutomaticoAdminInsert"/>
        </Event>
        <Event Name="Indietro" Executer="it.sella.anagrafe.sm.censimentoautomaticoadmin.CensimentoAutomaticoAdminIndietroExecuter">
            <Transition Name="TrConferma" Target="CensimentoAutomaticoAdminInput"/>
        </Event>
        <Event Name="Annulla">
            <Transition Name="TrConferma" Target="Pop"/>
        </Event>
    </State>
 <!-- Insert ended -->
    <State Name="Pop" Final="true">
    </State>

</StateMachine>