<?xml version="1.0" encoding="UTF-8"?>

<!DOCTYPE StateMachine PUBLIC "-//SELLA//DTD StateMachine 1.0//EN" "StateMachine.dtd">

<StateMachine Name="CensimentoPFInternet" Secure="true">
    <State Name="Dummy" Default="true" >
	<Event Name="DefaultEvent" Default="true"  Executer="it.sella.anagrafe.sm.censimentopfinternet.DefaultEventExecuter" >
	   <Transition Name="TrConfrema" Target="CensimentoPersonaFisicaInternet"/>
      </Event>
    </State>
    <State Name="CensimentoPersonaFisicaInternet" >
	<Event Name="Conferma" Executer = "it.sella.anagrafe.sm.censimentopfinternet.CensimentoPFInternetExecuter">
	   <Transition Name="TrNonConfrema" Target="CensimentoPersonaFisicaInternet"/>
	   <Transition Name="TrConfrema" Target="PopTheApplication"/>
    	</Event>
	<Event Name="Indirizzo Postale" Executer = "it.sella.anagrafe.sm.censimentopfinternet.CensimentoPFInternetExecuter">
	   <Transition Name="TrNonConfrema" Target="CensimentoPersonaFisicaInternet"/>
    	</Event>
    </State>
    <State Name="PopTheApplication" Final="true">
    </State>
</StateMachine>

