<?xml version="1.0" encoding="UTF-8"?>
<!DOCTYPE StateMachine PUBLIC "-//SELLA//DTD StateMachine 1.0//EN" "StateMachine.dtd">

<StateMachine Name="CensimentoSellaLifePolicyCustomer" Secure="true">
<IOParams>
        <Input Params=""/>
        <Output Params="AziendaSoggettoId:Long"/>
</IOParams>
 		<State Name="CensimentoSellaLife" Default="true">
         <Event Name="DefaultEvent" Default="true" Executer="it.sella.anagrafe.sm.censimentoaz.SellaLifeDeafaultExecuter">
              <Transition Name="TrConferma" Type="Push" Application="RicercaAZ" InputParams="isFromSellaLifeSM" OutputParams="aziendatransitionname,MOTIVI,AziendaSoggettoId,Anagrafe_az" Target="Intermediate"/>
         </Event>
      </State>
      <State Name="Intermediate" >
    	<Event Name="Default" Default="true"   Clear="isFromSellaLifeSM">
        	<Transition Name="TrConferma" Target="PopTheApplication"/>
        </Event>
	</State>
	<State Name="PopTheApplication" Final="true">
	</State>
</StateMachine>
