<?xml version="1.0" encoding="UTF-8"?>

<!DOCTYPE StateMachine PUBLIC "-//SELLA//DTD StateMachine 1.0//EN" "StateMachine.dtd">

<StateMachine Name="ClasseATECOAdmin" Secure="true">

	<State Name="ClasseATECOHomePage" Default="true">
		<Event Name="Conferma"	Executer="it.sella.anagrafe.sm.admin.classeateco.ClasseATECOSearchExecuter"
			Retrieve="ClasseATECOCode,ClasseATECOOldView">
			<Transition Name="TrConferma" Target="ClasseATECOElencoPage" />
			<Transition Name="TrNonConferma" Target="ClasseATECOHomePage" />
		</Event>
		<Event Name="Annulla" Clear="ClasseATECOCode,ClasseATECOOldView,ClasseATECONewView,OPERATION">
			<Transition Name="TrConferma" Target="Pop" />
		</Event>
		<Event Name="Insert">
			<Transition Name="TrConferma"
				Target="ClasseATECOInsertPage" />
		</Event>
	</State>

	<State Name="ClasseATECOElencoPage">
		<Event Name="Modifica" Executer="it.sella.anagrafe.sm.admin.classeateco.ClasseATECOModifyExecuter"
			Retrieve="ClasseATECOCode,ClasseATECOOldView">
			<Transition Name="TrConferma" Target="ClasseATECOModifcaPage" />
			<Transition Name="TrNonConferma" Target="ClasseATECOElencoPage" />
		</Event>
		<Event Name="Indietro" Clear="ClasseATECOCode,ClasseATECOOldView,ClasseATECONewView,OPERATION">
			<Transition Name="TrConferma" Target="ClasseATECOHomePage" />
		</Event>
		<Event Name="Annulla" Clear="ClasseATECOCode,ClasseATECOOldView,ClasseATECONewView,OPERATION">
			<Transition Name="TrConferma" Target="Pop" />
		</Event>
		<Event Name="Elimina" Executer="it.sella.anagrafe.sm.admin.classeateco.ClasseATECOEliminaExecuter"
			Retrieve="OPERATION,ClasseATECOOldView">
			<Transition Name="TrConferma" Target="ClasseATECOConfermPage" />
		</Event>
	</State>

	<State Name="ClasseATECOModifcaPage">
		<Event Name="Conferma" Executer="it.sella.anagrafe.sm.admin.classeateco.ClasseATECODetailsExecuter"
			Retrieve="OPERATION,ClasseATECONewView,ClasseATECOOldView">
			<Transition Name="TrConferma" Target="ClasseATECOConfermPage" />
			<Transition Name="TrNonConferma" Target="ClasseATECOModifcaPage" />
		</Event>
		<Event Name="GoToRicerca" Executer="it.sella.anagrafe.sm.admin.classeateco.ClasseATECOIndietroExecuter"
			Retrieve="ClasseATECOCode">
			<Transition Name="TrRicerca" Target="ClasseATECOElencoPage" />
		</Event>
		
		<Event Name="ClasseATECOParentIdLoad"
			Executer="it.sella.anagrafe.sm.admin.classeateco.ClasseATECOParentIdLoadExecuter"
			Retrieve="OPERATION,ClasseATECONewView,ClasseATECOOldView">
			<Transition Name="TrConferma" Target="ClasseATECOModifcaPage" />
		</Event>
		<Event Name="Annulla" Clear="ClasseATECOCode,ClasseATECOOldView,ClasseATECONewView,OPERATION">
			<Transition Name="TrConferma" Target="Pop" />
		</Event>
	</State>

	<State Name="ClasseATECOInsertPage">
		<Event Name="Conferma" Executer="it.sella.anagrafe.sm.admin.classeateco.ClasseATECOInsertExecuter"
			Retrieve="OPERATION,ClasseATECONewView">
			<Transition Name="TrConferma" Target="ClasseATECOConfermPage" />
			<Transition Name="TrNonConferma" Target="ClasseATECOInsertPage" />
		</Event>
		<Event Name="ClasseATECOParentIdLoad"
			Executer="it.sella.anagrafe.sm.admin.classeateco.ClasseATECOParentIdLoadExecuter"
			Retrieve="OPERATION,ClasseATECONewView">
			<Transition Name="TrConferma" Target="ClasseATECOInsertPage" />
		</Event>

		<Event Name="Indietro" Clear="ClasseATECOCode,ClasseATECOOldView,ClasseATECONewView,OPERATION">
			<Transition Name="TrConferma" Target="ClasseATECOHomePage" />
		</Event>
		<Event Name="Annulla" Clear="ClasseATECOCode,ClasseATECOOldView,ClasseATECONewView,OPERATION">
			<Transition Name="TrConferma" Target="Pop" />
		</Event>
	</State>

	<State Name="ClasseATECOConfermPage">
		<Event Name="Conferma" Executer="it.sella.anagrafe.sm.admin.classeateco.ClasseATECOConfermaExecuter"
			Retrieve="OPERATION,ClasseATECONewView,ClasseATECOOldView">
			<Transition Name="TrConferma" Target="Pop" />
			<Transition Name="TrNonConferma" Target="ClasseATECOConfermPage" />
		</Event>
		<Event Name="Indietro" 	Executer="it.sella.anagrafe.sm.admin.classeateco.ClasseATECOIndietroExecuter"
			Retrieve="ClasseATECOOldView,ClasseATECONewView,OPERATION,ClasseATECOCode">
			<Transition Name="TrModifica" Target="ClasseATECOModifcaPage" />
			<Transition Name="TrInsert" Target="ClasseATECOInsertPage" />
			<Transition Name="TrRicerca" Target="ClasseATECOElencoPage"/>
		</Event>
		<Event Name="Annulla" Clear="ClasseATECOCode,ClasseATECOOldView,ClasseATECONewView,OPERATION">
			<Transition Name="TrConferma" Target="Pop" />
		</Event>
	</State>

	<State Name="Pop" Final="true">
	</State>

	<IOParams>
		<Input Params="" />
		<Output Params="" />
	</IOParams>

</StateMachine>