<?xml version="1.0" encoding="UTF-8"?>

<!DOCTYPE StateMachine PUBLIC "-//SELLA//DTD StateMachine 1.0//EN" "StateMachine.dtd">

<StateMachine Name="ClientClassificazioneAdmin" Secure="true">

	<State Name="ClientClassHomePage" Default="true">
		<Event Name="Conferma" Executer="it.sella.anagrafe.sm.admin.ClientClassRicercaExecuter" Retrieve="SOGGETTOID">
			<Transition Name="TrConferma" Target="ClientClassElencoPage"/>
			<Transition Name="TrNonConferma" Target="ClientClassHomePage"/>
        </Event>
		<Event Name="Add" Clear="OPERATION,SOGGETTOID">
			<Transition Name="TrConferma" Target="ClientClassInsertPage"/>
		</Event>
      	<Event Name="Annulla" Clear="OPERATION,SOGGETTOID">
			<Transition Name="TrConferma" Target="Pop"/>
		</Event>
	</State>
	<State Name="ClientClassInsertPage">
		<Event Name="Conferma" Executer="it.sella.anagrafe.sm.admin.ClientClassInsertoExecuter" Retrieve="SOGGETTOID,OPERATION">
			<Transition Name="TrConferma" Target="ClientClassConfermaPage"/>
			<Transition Name="TrNonConferma" Target="ClientClassInsertPage"/>
        </Event>
		<Event Name="Indietro">
			<Transition Name="TrConferma" Target="ClientClassHomePage"/>
		</Event>
      	<Event Name="Annulla" Clear="OPERATION,SOGGETTOID">
			<Transition Name="TrConferma" Target="Pop"/>
		</Event>
	</State>
	<State Name="ClientClassElencoPage">
		<Event Name="Modifica" Executer="it.sella.anagrafe.sm.admin.ClientClassElencoModificaExecuter" Retrieve="SOGGETTOID">
			<Transition Name="TrConferma" Target="ClientClassDettaglioPage"/>
        </Event>
		<Event Name="Indietro" Retrieve="SOGGETTOID">
			<Transition Name="TrConferma" Target="ClientClassHomePage"/>
		</Event>
      	<Event Name="Annulla" Clear="OPERATION,SOGGETTOID">
			<Transition Name="TrConferma" Target="Pop"/>
		</Event>
	  	<Event Name="Elimina" Executer="it.sella.anagrafe.sm.admin.ClientClassEliminaExecuter" Retrieve="SOGGETTOID,OPERATION">
			<Transition Name="TrConferma" Target="ClientClassConfermaPage"/>
		</Event>
	</State>
	<State Name="ClientClassDettaglioPage">
		<Event Name="Conferma" Executer="it.sella.anagrafe.sm.admin.ClientClassDettaglioConfermaExecuter" Retrieve="SOGGETTOID,OPERATION">
			<Transition Name="TrConferma" Target="ClientClassConfermaPage"/>
			<Transition Name="TrNonConferma" Target="ClientClassDettaglioPage"/>
        </Event>
		<Event Name="GoToRicerca" Executer="it.sella.anagrafe.sm.admin.ClientClassElencoIndietroExecuter" Retrieve="SOGGETTOID">
		    <Transition Name="TrRicerca" Target="ClientClassElencoPage"/>
		    <Transition Name="TrNonConferma" Target="ClientClassDettaglioPage"/>
        </Event>
		<Event Name="GoToInsert" Executer="it.sella.anagrafe.sm.admin.ClientClassInsertIndietroExecuter" Retrieve="SOGGETTOID">
		    <Transition Name="TrInserto" Target="ClientClassInsertPage"/>
        </Event>
      	<Event Name="Annulla" Clear="OPERATION,SOGGETTOID">
			<Transition Name="TrConferma" Target="Pop"/>
		</Event>
	</State>
	<State Name="ClientClassConfermaPage">
	   <Event Name="Indietro" Executer="it.sella.anagrafe.sm.admin.ClientClassConfermaIndietroExecuter" Retrieve="SOGGETTOID">
            <Transition Name="TrDetta" Target="ClientClassDettaglioPage"/>
            <Transition Name="TrInsert" Target="ClientClassInsertPage"/>
            <Transition Name="TrElecno" Target="ClientClassElencoPage"/>
            <Transition Name="TrNonConferma" Target="ClientClassConfermaPage"/>
       </Event>
       <Event Name="Conferma" Executer="it.sella.anagrafe.sm.admin.ClientClassConfermaExecuter" Retrieve="SOGGETTOID,OPERATION">
			<Transition Name="TrConferma" Target="Pop"/>
			<Transition Name="TrNonConferma" Target="ClientClassConfermaPage"/>
        </Event>
      	<Event Name="Annulla" Clear="OPERATION,SOGGETTOID">
			<Transition Name="TrConferma" Target="Pop"/>
		</Event>
	</State>
	<State Name="Pop" Final="true">
    
    </State>

    <IOParams>
        <Input Params=""/>
        <Output Params=""/>
    </IOParams>
   
</StateMachine>	
