<?xml version="1.0" encoding="UTF-8"?>

<!DOCTYPE StateMachine PUBLIC "-//SELLA//DTD StateMachine 1.0//EN" "StateMachine.dtd">

<StateMachine Name="ClienteClassificazione" Secure="true">

	<Event Name="DefaultEvent" Default="true"
		Executer="it.sella.anagrafe.sm.clienteclassificazione.ClienteClassificazioneDefaultExecuter">
		<Transition Name="TrDefault"  Target="ClienteClassificazionePage" />
	</Event>

	<State Name="ClienteClassificazionePage">
		<Event Name="Conferma"
			Executer="it.sella.anagrafe.sm.clienteclassificazione.ClienteClassificazioneConformaExecuter">
			<Transition Name="TrConferma" Target="Pop" />
			<Transition Name="TrNonConferma" Target="ClienteClassificazionePage" />
		</Event>

		<Event Name="Annulla" Clear="AZ_SOGGETTO_ID,CLIENTE_DETAILS,clienteInputDetails">
			<Transition Name="TrConferma" Target="Pop" />
		</Event>
	</State>

	<State Name="Pop" Final="true">
	</State>

	<IOParams>
		<Input Params="AZ_SOGGETTO_ID:Long" />
		<Input Params="AZ_SOGGETTO_ID:Long,clienteInputDetails:java.util.Hashtable" />
		<Output Params="clienteOutputDetails:java.util.Hashtable"/>
	</IOParams>

</StateMachine>
