<?xml version="1.0" encoding="UTF-8"?>

<!DOCTYPE StateMachine PUBLIC "-//SELLA//DTD StateMachine 1.0//EN" "StateMachine.dtd">

<StateMachine Name="CodiciSoggettoCifratiAdmin" Secure="true">

    <State Name="CodiciCifrati" Default="true">
        <Event Name="Conferma" Executer="it.sella.anagrafe.sm.admin.CodiciCifratiExecuter" Retrieve="CodiciSoggettoCifratiAdmin">
            <Transition Name="TrNonConferma" Target="CodiciCifrati"/>
            <Transition Name="TrConferma" Target="CodiciCifratiDetails"/>
        </Event>
        <Event Name="Indietro" Clear="CodiciSoggettoCifratiAdmin">
            <Transition Name="TrConferma" Target="Pop"/>
        </Event>
        <Event Name="Aggiungi">
            <Transition Name="TrAggiungi" Target="CodiciCifratiInsert"/>
        </Event>
    </State>

    <State Name="CodiciCifratiDetails">
        <Event Name="Conferma" Executer="it.sella.anagrafe.sm.admin.CodiciCifratiDetailsExecuter" Retrieve="CodiciSoggettoCifratiAdmin">
            <Transition Name="TrConferma" Target="CodiciCifratiConferma"/>
            <Transition Name="TrNonConferma" Target="CodiciCifratiDetails"/>
        </Event>
        <Event Name="Indietro" Retrieve="CodiciSoggettoCifratiAdmin">
            <Transition Name="TrConferma" Target="CodiciCifrati"/>
        </Event>
        <Event Name="Elimina" Executer="it.sella.anagrafe.sm.admin.CodiciCifratiEliminaExecuter" Retrieve="CodiciSoggettoCifratiAdmin">
            <Transition Name="TrConferma" Target="Pop"/>
            <Transition Name="TrNonConferma" Target="CodiciCifratiDetails"/>
        </Event>
        <Event Name="Annulla" Clear="CodiciSoggettoCifratiAdmin">
            <Transition Name="TrConferma" Target="Pop"/>
        </Event>
    </State>

    <State Name="CodiciCifratiInsert">
        <Event Name="Conferma" Executer="it.sella.anagrafe.sm.admin.CodiciCifratiInsertExecuter" Retrieve="CodiciSoggettoCifratiAdmin">
            <Transition Name="TrConferma" Target="CodiciCifratiConferma"/>
            <Transition Name="TrNonConferma" Target="CodiciCifratiInsert"/>
        </Event>
        <Event Name="Indietro" Retrieve="CodiciSoggettoCifratiAdmin">
            <Transition Name="TrConferma" Target="CodiciCifrati"/>
        </Event>
        <Event Name="Annulla" Clear="CodiciSoggettoCifratiAdmin">
            <Transition Name="TrConferma" Target="Pop"/>
        </Event>
    </State>

    <State Name="CodiciCifratiConferma">
        <Event Name="Conferma" Executer="it.sella.anagrafe.sm.admin.CodiciCifratiConfermaExecuter" Retrieve="CodiciSoggettoCifratiAdmin">
            <Transition Name="TrConferma" Target="Pop"/>
            <Transition Name="TrNonConferma" Target="CodiciCifratiConferma"/>
        </Event>
        <Event Name="IndietroInsert"  Retrieve="CodiciSoggettoCifratiAdmin">
            <Transition Name="TrInsert" Target="CodiciCifratiInsert"/>
        </Event>
        <Event Name="IndietroModifica" Retrieve="CodiciSoggettoCifratiAdmin">
            <Transition Name="TrModifica" Target="CodiciCifratiDetails"/>
        </Event>
        <Event Name="Annulla" Clear="CodiciSoggettoCifratiAdmin">
            <Transition Name="TrConferma" Target="Pop"/>
        </Event>
    </State>

    <State Name="Pop" Final="true">
    </State>

    <IOParams>
        <Input Params=""/>
        <Output Params=""/>
    </IOParams>

</StateMachine>