<?xml version="1.0" encoding="UTF-8"?>
<!DOCTYPE StateMachine PUBLIC "-//SELLA//DTD StateMachine 1.0//EN" "StateMachine.dtd">
<StateMachine Name="CompProfTAEAdmin" Secure="true">

  <State Name="CompProfTAEAdminInput" Default="true">
  	  <Event Name="PopulateProfessione" Executer="it.sella.anagrafe.sm.admin.compprofessionetae.CompProfessioneTAEDefaultExecuter" Retrieve="ProfClassficazioneObj,bankId,SelectedBankProfessionelist">
  	  	  <Transition Name="TrConferma" Target="CompProfTAEAdminInput"/>
          <Transition Name="TrNonConferma" Target="CompProfTAEAdminInput"/>
      </Event>
      <Event Name="Conferma" Executer="it.sella.anagrafe.sm.admin.compprofessionetae.CompProfessioneTAESearchExecuter" Retrieve="SelectedBankProfessionelist">
          <Transition Name="TrConferma" Target="CompProfTAELink"/>
          <Transition Name="TrNonConferma" Target="CompProfTAEAdminInput"/>
      </Event>
      <Event Name="Indietro" Clear="ProfClassficazioneObj,bankId,SelectedBankProfessionelist">
          <Transition Name="TrConferma" Target="Pop"/>
      </Event>
  </State>

  <State Name="CompProfTAELink" >
      <Event Name="Conferma" Executer="it.sella.anagrafe.sm.admin.compprofessionetae.CompProfessioneTAEConfermaExecuter" Retrieve="bankId,REMOVE_LIST,EXISTING_LIST,NON_EXISTING_LIST,CompProfessioneTAEDetailList,profClassficazione,NEW_VALUES">
          <Transition Name="TrConferma" Target="CompProfTAEAdminInput"/>
          <Transition Name="TrNonConferma" Target="CompProfTAELink"/>
      </Event>
      <Event Name="ADD" Executer="it.sella.anagrafe.sm.admin.compprofessionetae.CompProfessioneTAEAddExecuter" Retrieve="EXISTING_LIST,NON_EXISTING_LIST,profClassficazione,NEW_VALUES,profClassificazioneId">
          <Transition Name="TrConferma" Target="CompProfTAELink"/>
          <Transition Name="TrNonConferma" Target="CompProfTAELink"/>
      </Event>
      <Event Name="REMOVE" Executer="it.sella.anagrafe.sm.admin.compprofessionetae.CompProfessioneTAERemoveExecuter" Retrieve="REMOVE_LIST,EXISTING_LIST,NON_EXISTING_LIST,CompProfessioneTAEDetailList,profClassficazione,NEW_VALUES">
          <Transition Name="TrConferma" Target="CompProfTAELink"/>
          <Transition Name="TrNonConferma" Target="CompProfTAELink"/>
      </Event>
      <Event Name="Indietro" clear="bankId,ProfClassficazioneObj,SelectedBankProfessionelist,NEW_VALUES,REMOVE_LIST,EXISTING_LIST,CompProfessioneTAEDetailList,NON_EXISTING_LIST,profClassificazioneId" >
          <Transition Name="TrConferma" Target="CompProfTAEAdminInput"/>
      </Event>
  </State>

  <State Name="Pop" Final="true">
  </State>

    <IOParams>
     <Input Params=""/>
     <Output Params=""/>
    </IOParams>

</StateMachine>
