<?xml version="1.0" encoding="UTF-8"?>

<!DOCTYPE StateMachine PUBLIC "-//SELLA//DTD StateMachine 1.0//EN" "StateMachine.dtd">

<StateMachine Name="CompSettoreClasseAdmin" Secure="true">

	<State Name="CompSettoreClasseHomePage" Default="true">
		<Event Name="Conferma"	Executer="it.sella.anagrafe.sm.admin.compsettoreclasse.CompSettoreClasseSearchExecuter"
			Retrieve="CompCodiceSoggettoGruppo">
			<Transition Name="TrConferma" Target="CompSettoreClasseElencoPage" />
			<Transition Name="TrNonConferma" Target="CompSettoreClasseHomePage" />
		</Event>
		<Event Name="Annulla" >
			<Transition Name="TrConferma" Target="Pop" />
		</Event>
		<Event Name="Insert">
			<Transition Name="TrConferma"
				Target="CompSettoreClasseInsertPage" />
		</Event>
	</State>

	<State Name="CompSettoreClasseElencoPage">
		
		<Event Name="Indietro" Clear="CompCodiceSoggettoGruppo,CompSettoreClasseOldView,CompSettoreClasseNewView,OPERATION">
			<Transition Name="TrConferma" Target="CompSettoreClasseHomePage" />
		</Event>
		<Event Name="Annulla" Clear="CompCodiceSoggettoGruppo,CompSettoreClasseOldView,CompSettoreClasseNewView,OPERATION">
			<Transition Name="TrConferma" Target="Pop" />
		</Event>
		<Event Name="Elimina" Executer="it.sella.anagrafe.sm.admin.compsettoreclasse.CompSettoreClasseEliminaExecuter"
			Retrieve="OPERATION,CompSettoreClasseOldView">
			<Transition Name="TrConferma" Target="CompSettoreClasseConfermPage" />
		</Event>
	</State>


	<State Name="CompSettoreClasseInsertPage" >
		  <Event Name="Default" Default="true"
		  	Executer="it.sella.anagrafe.sm.admin.compsettoreclasse.CompSettoreClasseInsertDefaultExecuter">
		  	<Transition Name="TrConferma"
		  		Target="CompSettoreClasseInsertPage" />
		  </Event>
		  <Event Name="Conferma" Executer="it.sella.anagrafe.sm.admin.compsettoreclasse.CompSettoreClasseInsertExecuter"
			Retrieve="OPERATION,CompSettoreClasseNewView">
			<Transition Name="TrConferma" Target="CompSettoreClasseConfermPage" />
			<Transition Name="TrNonConferma" Target="CompSettoreClasseInsertPage" />
		</Event>
		<Event Name="Indietro" Clear="CompCodiceSoggettoGruppo,CompSettoreClasseOldView,CompSettoreClasseNewView,OPERATION">
			<Transition Name="TrConferma" Target="CompSettoreClasseHomePage" />
		</Event>
		<Event Name="Annulla" Clear="CompCodiceSoggettoGruppo,CompSettoreClasseOldView,CompSettoreClasseNewView,OPERATION">
			<Transition Name="TrConferma" Target="Pop" />
		</Event>
	</State>

	<State Name="CompSettoreClasseConfermPage">
		<Event Name="Conferma" Executer="it.sella.anagrafe.sm.admin.compsettoreclasse.CompSettoreClasseConfermaExecuter"
			Retrieve="OPERATION,CompSettoreClasseNewView,CompSettoreClasseOldView">
			<Transition Name="TrConferma" Target="Pop" />
			<Transition Name="TrNonConferma" Target="CompSettoreClasseConfermPage" />
		</Event>
		<Event Name="Indietro" 	Executer="it.sella.anagrafe.sm.admin.compsettoreclasse.CompSettoreClasseIndietroExecuter"
			Retrieve="CompSettoreClasseOldView,CompSettoreClasseNewView,OPERATION,CompCodiceSoggettoGruppo">
			<Transition Name="TrInsert" Target="CompSettoreClasseInsertPage" />
			<Transition Name="TrRicerca" Target="CompSettoreClasseElencoPage"/>
		</Event>
		<Event Name="Annulla" Clear="CompCodiceSoggettoGruppo,CompSettoreClasseOldView,CompSettoreClasseNewView,OPERATION">
			<Transition Name="TrConferma" Target="Pop" />
		</Event>
	</State>

	<State Name="Pop" Final="true">
	</State>

	<IOParams>
		<Input Params="" />
		<Output Params="" />
	</IOParams>

</StateMachine>