<?xml version="1.0" encoding="UTF-8"?>

<!DOCTYPE StateMachine PUBLIC "-//SELLA//DTD StateMachine 1.0//EN" "StateMachine.dtd">

<StateMachine Name="CompatibleSettoreAdmin" Secure="true">

	<Event Name="LoadTipoSoggettoDefault" Default = "true" Executer="it.sella.anagrafe.sm.admin.CompSettTipoSoggettoExecuter" Retrieve="OPERATION,SELTIPOSOGGETTOID,CODICESOGGETTOGRUPPO">
			<Transition Name="TrConferma" Target="CompatibleSettoreHomePage"/>
			<Transition Name="TrNonConferma" Target="CompatibleSettoreHomePage"/>
    </Event>

	<State Name="CompatibleSettoreHomePage">
		<Event Name="Conferma" Executer="it.sella.anagrafe.sm.admin.CompSettRicercaExecuter" Retrieve="OPERATION,SELTIPOSOGGETTOID,CODICESOGGETTOGRUPPO">
			<Transition Name="TrConferma" Target="CompatibleSettoreElencoPage"/>
			<Transition Name="TrNonConferma" Target="CompatibleSettoreHomePage"/>
        </Event>
		<Event Name="Add" Executer="it.sella.anagrafe.sm.admin.CompSettTipoSoggettoExecuter" Clear="OPERATION,SELTIPOSOGGETTOID,CODICESOGGETTOGRUPPO">
			<Transition Name="TrConferma" Target="CompatibleSettoreInsertPage"/>
		</Event>
      	<Event Name="Annulla" Clear="OPERATION,SELTIPOSOGGETTOID,CODICESOGGETTOGRUPPO">
			<Transition Name="TrConferma" Target="Pop"/>
		</Event>
	</State>
	<State Name="CompatibleSettoreInsertPage">
		<Event Name="LoadTipoSocietta" Executer="it.sella.anagrafe.sm.admin.CompSettInsertExecuter"  Retrieve="OPERATION,SELTIPOSOGGETTOID,CODICESOGGETTOGRUPPO">
			<Transition Name="TrConferma" Target="CompatibleSettoreInsertPage"/>
			<Transition Name="TrNonConferma" Target="CompatibleSettoreInsertPage"/>
        </Event>
        <Event Name="Conferma" Executer="it.sella.anagrafe.sm.admin.CompSettInsertExecuter"  Retrieve="OPERATION,SELTIPOSOGGETTOID,CODICESOGGETTOGRUPPO">
			<Transition Name="TrConferma" Target="CompatibleSettoreConfermaPage"/>
			<Transition Name="TrNonConferma" Target="CompatibleSettoreInsertPage"/>
        </Event>
        <Event Name="Indietro" Executer="it.sella.anagrafe.sm.admin.CompSettTipoSoggettoExecuter" Retrieve="OPERATION,SELTIPOSOGGETTOID,CODICESOGGETTOGRUPPO">
			<Transition Name="TrConferma" Target="CompatibleSettoreHomePage"/>
			<Transition Name="TrNonConferma" Target="CompatibleSettoreInsertPage"/>
		</Event>
      	<Event Name="Annulla" Clear="OPERATION,SELTIPOSOGGETTOID,CODICESOGGETTOGRUPPO">
			<Transition Name="TrConferma" Target="Pop"/>
		</Event>
	</State>
	<State Name="CompatibleSettoreElencoPage">
		<Event Name="Indietro" Executer="it.sella.anagrafe.sm.admin.CompSettTipoSoggettoExecuter" Retrieve="OPERATION,SELTIPOSOGGETTOID,CODICESOGGETTOGRUPPO">
			<Transition Name="TrConferma" Target="CompatibleSettoreHomePage"/>
			<Transition Name="TrNonConferma" Target="CompatibleSettoreElencoPage"/>
		</Event>
      	<Event Name="Annulla" Clear="OPERATION,SELTIPOSOGGETTOID,CODICESOGGETTOGRUPPO">
			<Transition Name="TrConferma" Target="Pop"/>
		</Event>
	  	<Event Name="Elimina" Executer="it.sella.anagrafe.sm.admin.CompSettEliminaExecuter" Retrieve="OPERATION,SELTIPOSOGGETTOID,CODICESOGGETTOGRUPPO">
			<Transition Name="TrConferma" Target="CompatibleSettoreConfermaPage"/>
		</Event>
	</State>
	<State Name="CompatibleSettoreConfermaPage">
		<Event Name="Indietro" Executer="it.sella.anagrafe.sm.admin.CompSettIndietroExecuter" Retrieve="OPERATION,SELTIPOSOGGETTOID,CODICESOGGETTOGRUPPO">
            <Transition Name="TrInserto" Target="CompatibleSettoreInsertPage"/>
            <Transition Name="TrRicerca" Target="CompatibleSettoreElencoPage"/>
        </Event>
       <Event Name="Conferma" Executer="it.sella.anagrafe.sm.admin.CompSettConfermaExecuter" Retrieve="OPERATION,SELTIPOSOGGETTOID,CODICESOGGETTOGRUPPO">
			<Transition Name="TrConferma" Target="Pop"/>
			<Transition Name="TrNonConferma" Target="CompatibleSettoreConfermaPage"/>
        </Event>
      	<Event Name="Annulla" Clear="OPERATION,SELTIPOSOGGETTOID,CODICESOGGETTOGRUPPO">
			<Transition Name="TrConferma" Target="Pop"/>
		</Event>
	</State>
	<State Name="Pop" Final="true">

    </State>

    <IOParams>
        <Input Params=""/>
        <Output Params=""/>
    </IOParams>

</StateMachine>
