<?xml version="1.0" encoding="UTF-8"?>

<!DOCTYPE StateMachine PUBLIC "-//SELLA//DTD StateMachine 1.0//EN" "StateMachine.dtd">

<StateMachine Name="ConfermaModifica" Secure="false">

	<Event Name="DefaultEvent" Default="true" Executer="it.sella.anagrafe.sm.confermamodifica.IndirizziDefaultExecuter" Retrieve="INDIRIZZI_MAP,MOTIVI">
		<Transition Name="TrDefault" Target="IndirizziHomePage" />
		<Transition Name="TrDefaultAZ" Target="IndirizziHomePageAZ" />
	</Event>

	<State Name="IndirizziHomePage">
		<Event Name="Annulla" Clear="INDIRIZZI_MAP,MOTIVI">
			<Transition Name="TrConferma" Target="Pop"/>
		</Event>
		 <Event Name="ConfermaRiepilogo" Executer = "it.sella.anagrafe.sm.confermamodifica.IndirizziConfermaExecuter" Retrieve="INDIRIZZI_MAP,MOTIVI">
           	  <Transition Name="TrNonConferma" Target="IndirizziHomePage"/>
           	  <Transition Name="TrConferma" Target="Pop"/>
         </Event>
          <Event Name="ConfermaHomePage" Executer = "it.sella.anagrafe.sm.confermamodifica.IndirizziConfermaExecuter" Retrieve="INDIRIZZI_MAP,MOTIVI">
           	  <Transition Name="TrNonConferma" Target="IndirizziHomePage"/>
           	  <Transition Name="TrConferma" Target="Pop"/>
         </Event>
	</State>
	
	<State Name="IndirizziHomePageAZ">
		<Event Name="Annulla" Clear="INDIRIZZI_MAP,MOTIVI">
			<Transition Name="TrConferma" Target="Pop"/>
		</Event>
		 <Event Name="ConfermaRiepilogo" Executer = "it.sella.anagrafe.sm.confermamodifica.IndirizziConfermaExecuter" Retrieve="INDIRIZZI_MAP,MOTIVI">
           	  <Transition Name="TrNonConferma" Target="IndirizziHomePageAZ"/>
           	  <Transition Name="TrConferma" Target="Pop"/>
         </Event>
          <Event Name="ConfermaHomePage" Executer = "it.sella.anagrafe.sm.confermamodifica.IndirizziConfermaExecuter" Retrieve="INDIRIZZI_MAP,MOTIVI">
           	  <Transition Name="TrNonConferma" Target="IndirizziHomePageAZ"/>
           	  <Transition Name="TrConferma" Target="Pop"/>
         </Event>
	</State>
	
	 <State Name="Pop" Final="true">
    </State>

	<IOParams>
		<Input Params="SOGGETTO_ID:Long" />
		<Output Params="INDIRIZZI_COLLECTION:java.util.Collection,INDIRIZZI_REDIRECT_EVENT:String"/>
	</IOParams>

</StateMachine>
