<?xml version="1.0" encoding="UTF-8"?>

<!DOCTYPE StateMachine PUBLIC "-//SELLA//DTD StateMachine 1.0//EN" "StateMachine.dtd">

<StateMachine Name="ConsumatoreCompatibilityAdmin" Secure="true">

	<State Name="ConsCompatibilityHomePage" Default="true">
		<Event Name="Conferma" Executer="it.sella.anagrafe.sm.admin.ConsCompatibilityRicercaExecuter" Retrieve="SETTORE">
			<Transition Name="TrConferma" Target="ConsCompatibilityElencoPage"/>
			<Transition Name="TrNonConferma" Target="ConsCompatibilityHomePage"/>
        </Event>
		<Event Name="Add" Clear="OPERATION,SETTORE">
			<Transition Name="TrConferma" Target="ConsCompatibilityInsertPage"/>
		</Event>
      	<Event Name="Annulla" Clear="OPERATION,SETTORE">
			<Transition Name="TrConferma" Target="Pop"/>
		</Event>
	</State>
	<State Name="ConsCompatibilityInsertPage">
		<Event Name="Conferma" Executer="it.sella.anagrafe.sm.admin.ConsCompatibilityInsertoExecuter" Retrieve="SETTORE,OPERATION">
			<Transition Name="TrConferma" Target="ConsCompatibilityConfermaPage"/>
			<Transition Name="TrNonConferma" Target="ConsCompatibilityInsertPage"/>
        </Event>
		<Event Name="Indietro">
			<Transition Name="TrConferma" Target="ConsCompatibilityHomePage"/>
		</Event>
      	<Event Name="Annulla" Clear="OPERATION,SETTORE">
			<Transition Name="TrConferma" Target="Pop"/>
		</Event>
	</State>
	<State Name="ConsCompatibilityElencoPage">
		<Event Name="Modifica" Executer="it.sella.anagrafe.sm.admin.ConsCompatibilityElencoModificaExecuter" Retrieve="SETTORE">
			<Transition Name="TrConferma" Target="ConsCompatibilityDettaglioPage"/>
        </Event>
		<Event Name="Indietro" Retrieve="SETTORE">
			<Transition Name="TrConferma" Target="ConsCompatibilityHomePage"/>
		</Event>
      	<Event Name="Annulla" Clear="OPERATION,SETTORE">
			<Transition Name="TrConferma" Target="Pop"/>
		</Event>
	  	<Event Name="Elimina" Executer="it.sella.anagrafe.sm.admin.ConsCompatibilityEliminaExecuter" Retrieve="SETTORE,OPERATION">
			<Transition Name="TrConferma" Target="ConsCompatibilityConfermaPage"/>
		</Event>
	</State>
	<State Name="ConsCompatibilityDettaglioPage">
		<Event Name="Conferma" Executer="it.sella.anagrafe.sm.admin.ConsCompatibilityDettaglioConfermaExecuter" Retrieve="SETTORE,OPERATION">
			<Transition Name="TrConferma" Target="ConsCompatibilityConfermaPage"/>
			<Transition Name="TrNonConferma" Target="ConsCompatibilityDettaglioPage"/>
        </Event>
		<Event Name="GoToRicerca" Executer="it.sella.anagrafe.sm.admin.ConsCompatibilityElencoIndietroExecuter" Retrieve="SETTORE">
		    <Transition Name="TrRicerca" Target="ConsCompatibilityElencoPage"/>
		    <Transition Name="TrNonConferma" Target="ConsCompatibilityDettaglioPage"/>
        </Event>
		<Event Name="GoToInsert" Executer="it.sella.anagrafe.sm.admin.ConsCompatibilityInsertIndietroExecuter" Retrieve="SETTORE">
		    <Transition Name="TrInserto" Target="ConsCompatibilityInsertPage"/>
        </Event>
      	<Event Name="Annulla" Clear="OPERATION,SETTORE">
			<Transition Name="TrConferma" Target="Pop"/>
		</Event>
	</State>
	<State Name="ConsCompatibilityConfermaPage">
		<Event Name="Indietro" Executer="it.sella.anagrafe.sm.admin.ConsCompatibilityConfermaIndietroExecuter" Retrieve="SETTORE">
            <Transition Name="TrDetta" Target="ConsCompatibilityDettaglioPage"/>
            <Transition Name="TrInsert" Target="ConsCompatibilityInsertPage"/>
            <Transition Name="TrElecno" Target="ConsCompatibilityElencoPage"/>
            <Transition Name="TrNonConferma" Target="ConsCompatibilityConfermaPage"/>
        </Event>
       <Event Name="Conferma" Executer="it.sella.anagrafe.sm.admin.ConsCompatibilityConfermaExecuter" Retrieve="SETTORE,OPERATION">
			<Transition Name="TrConferma" Target="Pop"/>
        </Event>
      	<Event Name="Annulla" Clear="OPERATION,SETTORE">
			<Transition Name="TrConferma" Target="Pop"/>
		</Event>
	</State>
	<State Name="Pop" Final="true">
    
    </State>

    <IOParams>
        <Input Params=""/>
        <Output Params=""/>
    </IOParams>
   
</StateMachine>	
