<?xml version="1.0" encoding="UTF-8"?>

<!DOCTYPE StateMachine PUBLIC "-//SELLA//DTD StateMachine 1.0//EN" "StateMachine.dtd">

<StateMachine Name="CronistoriaClassificazione" Secure="true">

	<Event Name="DefaultEvent" Default="true"
		Executer="it.sella.anagrafe.sm.cronistoriaclassificazione.CronistoriaclassificazioneDefaultExecuter">
		<Transition Name="TrDefault"  Target="CronistoriaClassificazionePage" />
	</Event>

	<State Name="CronistoriaClassificazionePage">
		<Event Name="Annulla" Clear="AZ_SOGGETTO_ID">
			<Transition Name="TrConferma" Target="Pop" />
		</Event>
	</State>

	<State Name="Pop" Final="true">
	</State>

	<IOParams>
		<Input Params="AZ_SOGGETTO_ID:Long" />
		<Output Params=""/>
	</IOParams>

</StateMachine>
