<?xml version="1.0" encoding="UTF-8"?>

<!DOCTYPE StateMachine PUBLIC "-//SELLA//DTD StateMachine 1.0//EN" "StateMachine.dtd">

<StateMachine Name="CronistoriaDocumenti" Secure="true">

	<Event Name="DefaultEvent" Default="true" Executer="it.sella.anagrafe.sm.cronistoriadocumenti.CronistoriaDocumentiDefaultExecuter">
		<Transition Name="TrConferma"  Target="CronistoriaDocumentiPage" />
	</Event>

	<State Name="CronistoriaDocumentiPage">
		<Event Name="Annulla" Clear="SOGGETTO_ID,CRONISTORIA_DOCUMENT_LIST">
			<Transition Name="TrConferma" Target="Pop" />
		</Event>
		<Event Name="viewDetails" Executer="it.sella.anagrafe.sm.cronistoriadocumenti.CronistoriaDocumentiISSIDPushExecuter" >
            <Transition Name="TrConferma" Target="ReloadCronistoriaDocumenti" Type="Push" Application="VisualizzaImageStorageSystems" InputParams="issid,NO" OutputParams="" />
        </Event>
         <Event Name="UploadFiles" Executer="it.sella.anagrafe.sm.cronistoriadocumenti.CronistoriaDocumentiUploadFilesPushExecuter" >
            <Transition Name="TrConferma" Target="ReloadCronistoriaDocumenti" Type="Push" Application="InterfacciaUploadFiles" InputParams="CODUTE,BANKID,PROCISS,NOMETEMPLATE,APPTAG,XMLOCE" OutputParams="" />
        </Event>
	</State>
	
	<State Name="ReloadCronistoriaDocumenti">
          <Event Name="Default" Default="true" Executer="it.sella.anagrafe.sm.cronistoriadocumenti.CronistoriaDocumentiReloadExecuter" Retrieve="CRONISTORIA_DOCUMENT_LIST">
              <Transition Name="TrConferma" Target="CronistoriaDocumentiPage"/>
          </Event>
      </State>

	<State Name="Pop" Final="true">
	</State>

	<IOParams>
		<Input Params="SOGGETTO_ID:Long" />
		<Output Params=""/>
	</IOParams>

</StateMachine>