<?xml version="1.0" encoding="UTF-8"?>

<!DOCTYPE StateMachine PUBLIC "-//SELLA//DTD StateMachine 1.0//EN" "StateMachine.dtd">

<StateMachine Name="CronistoriaPoteriFirma" Secure="true">

	<Event Name="DefaultEvent" Default="true" Executer="it.sella.anagrafe.sm.cronistoriapoteriFirma.CronistoriaPoteriFirmaDefaultExecuter">
		<Transition Name="TrConferma"  Target="CronistoriaPoteriFirmaDocPage" />
	</Event>

	<State Name="CronistoriaPoteriFirmaDocPage">
		<Event Name="Annulla" Clear="SOGGETTO_ID">
			<Transition Name="TrConferma" Target="Pop" />
		</Event>
	</State>

	<State Name="Pop" Final="true">
	</State>

	<IOParams>
		<Input Params="SOGGETTO_ID:Long" />
		<Output Params=""/>
	</IOParams>

</StateMachine>