<?xml version="1.0" encoding="UTF-8"?>
<!DOCTYPE StateMachine PUBLIC "-//SELLA//DTD StateMachine 1.0//EN" "StateMachine.dtd">
<StateMachine Name="CronistoriaFirmaVariazioni" Secure="true">
<Event Name="DefaultEvent" Default="true"
		Executer="it.sella.anagrafe.sm.cronistoriavariazioni.CronistoriaVariazioniDefaultExecuter">
		<Transition Name="TrDefault"  Target="CronistoriaVariazioniPage" />
</Event>
<State Name="CronistoriaVariazioniPage">
		<Event Name="Annulla" Clear="SOGGETTO_ID">
			<Transition Name="TrConferma" Target="Pop" />
		</Event>
	</State>

	<State Name="Pop" Final="true">
	</State>

	<IOParams>
		<Input Params="SOGGETTO_ID:Long" />
		<Output Params=""/>
	</IOParams>
</StateMachine>