<?xml version="1.0" encoding="UTF-8"?>
<!DOCTYPE StateMachine PUBLIC "-//SELLA//DTD StateMachine 1.0//EN" "StateMachine.dtd">

<StateMachine Name="DipctCompAdmin" Secure="true">
<IOParams>
        <Input Params=""/>
        <Output Params=""/>
</IOParams>
	<Event Name="Default" Default="true" Executer="it.sella.anagrafe.sm.dipctadmin.DipctCompatibilityAdminDefaultExecuter">
            <Transition Name="TrConferma" Target="DipctCompPage"/>
		    <Transition Name="TrNonConferma" Target="DipctCompPage"/>
      </Event>
      <State Name="DipctCompPage">
     <Event Name="DefaultEvent" Default="true" Retrieve=""></Event>
      <Event Name="Update" Executer="it.sella.anagrafe.sm.dipctadmin.DipctCompatibilityUpdateExecuter">
            <Transition Name="TrConferma" Target="DipctCompPage"/>
		    <Transition Name="TrNonConferma" Target="DipctCompPage"/>
	  </Event>
	  <Event Name="Annulla" Clear="">
			<Transition Name="TrHomePage" Target="Pop"/>
        </Event>
    </State>
     <State Name="Pop" Final="true">
     </State>
</StateMachine>