<?xml version="1.0" encoding="UTF-8"?>

<!DOCTYPE StateMachine PUBLIC "-//SELLA//DTD StateMachine 1.0//EN" "StateMachine.dtd">

<StateMachine Name="DipctAlignDetailsAdmin" Secure="true">

    <State Name="DipctAlignDetailsInput" Default="true">
        <Event Name="Conferma" Executer="it.sella.anagrafe.sm.admin.DipctAlignDetailsInputExecuter" Retrieve="DipctAlignDetailsAdmin">
            <Transition Name="TrNonConferma" Target="DipctAlignDetailsInput"/>
            <Transition Name="TrConferma" Target="ElencoDipctAlignDetails"/>
        </Event>
        <Event Name="Indietro" Clear="DipctAlignDetailsAdmin">
            <Transition Name="TrConferma" Target="Pop"/>
        </Event>
    </State>

    <State Name="ElencoDipctAlignDetails">
        <Event Name="Indietro" Clear="DipctAlignDetailsAdmin">
            <Transition Name="TrConferma" Target="DipctAlignDetailsInput"/>
        </Event>
        <Event Name="Modifica" Executer="it.sella.anagrafe.sm.admin.DipctAlignDetailsModificaExecuter" Retrieve="DipctAlignDetailsAdmin">
            <Transition Name="TrConferma" Target="DipctAlignDetails"/>
            <Transition Name="TrNonConferma" Target="ElencoDipctAlignDetails"/>
        </Event>
        <Event Name="Elimina" Executer="it.sella.anagrafe.sm.admin.DipctAlignDetailsEliminaExecuter" Retrieve="DipctAlignDetailsAdmin">
            <Transition Name="TrConferma" Target="DipctAlignDetailsConferma"/>
            <Transition Name="TrNonConferma" Target="ElencoDipctAlignDetails"/>
        </Event>
        <Event Name="Annulla" Clear="DipctAlignDetailsAdmin">
            <Transition Name="TrConferma" Target="Pop"/>
        </Event>
    </State>

    <State Name="DipctAlignDetails">
        <Event Name="Conferma" Executer="it.sella.anagrafe.sm.admin.DipctAlignDetailsExecuter" Retrieve="DipctAlignDetailsAdmin">
            <Transition Name="TrConferma" Target="DipctAlignDetailsConferma"/>
            <Transition Name="TrNonConferma" Target="DipctAlignDetails"/>
        </Event>
        <Event Name="Indietro" Retrieve="DipctAlignDetailsAdmin">
            <Transition Name="TrElenco" Target="ElencoDipctAlignDetails"/>
        </Event>
        <Event Name="Annulla" Clear="DipctAlignDetailsAdmin">
            <Transition Name="TrConferma" Target="Pop"/>
        </Event>
    </State>

    <State Name="DipctAlignDetailsConferma">
        <Event Name="Conferma" Executer="it.sella.anagrafe.sm.admin.DipctAlignDetailsConfermaExecuter" Retrieve="DipctAlignDetailsAdmin">
            <Transition Name="TrConferma" Target="Pop"/>
            <Transition Name="TrNonConferma" Target="DipctAlignDetailsConferma"/>
        </Event>
        <Event Name="Indietro" Executer="it.sella.anagrafe.sm.admin.DipctAlignDetailsIndietroExecuter" Retrieve="DipctAlignDetailsAdmin">
            <Transition Name="TrDetails" Target="DipctAlignDetails"/>
            <Transition Name="TrElenco" Target="ElencoDipctAlignDetails"/>
        </Event>
        <Event Name="Annulla" Clear="DipctAlignDetailsAdmin">
            <Transition Name="TrConferma" Target="Pop"/>
        </Event>
    </State>

    <State Name="Pop" Final="true">
    </State>

    <IOParams>
        <Input Params=""/>
        <Output Params=""/>
    </IOParams>

</StateMachine>