<?xml version="1.0" encoding="UTF-8"?>

<!DOCTYPE StateMachine PUBLIC "-//SELLA//DTD StateMachine 1.0//EN" "StateMachine.dtd">

<StateMachine Name="DipendenteCheTrattaAdmin" Secure="true">

  <State Name="CollegamentoDipendenteDetails" Default="true" >
      <Event Name="Conferma" Executer="it.sella.anagrafe.sm.admin.CollegamentoDipenConfermExecuter">
          <Transition Name="TrConferma" Target="CollegamentoDipendenteDetails"/>
          <Transition Name="TrNonConferma" Target="CollegamentoDipendenteDetails"/>
      </Event>
      <Event Name="ModifyConferma" Executer="it.sella.anagrafe.sm.admin.CollegamentoDipenConfermExecuter">
          <Transition Name="TrConferma" Target="Pop"/>
          <Transition Name="TrNonConferma" Target="CollegamentoDipendenteDetails"/>
      </Event>
      <Event Name="Indietro"  Executer="it.sella.anagrafe.sm.admin.CollegamentoDipenConfermExecuter">
          <Transition Name="TrIndietroPop" Target="Pop"/>
          <Transition Name="TrIndietro" Target="CollegamentoDipendenteDetails"/>
      </Event>
      <Event Name="TerminateDipen"  Executer="it.sella.anagrafe.sm.admin.CollegamentoDipenConfermExecuter">
          <Transition Name="TrConferma" Target="Pop"/>
          <Transition Name="TrNonConferma" Target="CollegamentoDipendenteDetails"/>
      </Event>
  </State>

  <State Name="Pop" Final="true">
  </State>

  <IOParams>
	 <Input Params=""/>
	<Output Params=""/>
  </IOParams>



</StateMachine>