<?xml version="1.0" encoding="UTF-8"?>

<!DOCTYPE StateMachine PUBLIC "-//SELLA//DTD StateMachine 1.0//EN" "StateMachine.dtd">

<StateMachine Name="DocEventiAdmin" Secure="true">

    <State Name="DocEventiInput" Default="true">
        <Event Name="Conferma" Executer="it.sella.anagrafe.sm.admin.DocEventiInputExecuter" Retrieve="DocEventiAdmin">
            <Transition Name="TrNonConferma" Target="DocEventiInput"/>
            <Transition Name="TrConferma" Target="ElencoDocEventi"/>
        </Event>
        <Event Name="Indietro" Clear="DocEventiAdmin">
            <Transition Name="TrConferma" Target="Pop"/>
        </Event>
        <Event Name="Aggiungi">
            <Transition Name="TrAggiungi" Target="DocEventiDetails"/>
        </Event>
    </State>

    <State Name="ElencoDocEventi">
        <Event Name="Indietro" Clear="DocEventiAdmin">
            <Transition Name="TrConferma" Target="DocEventiInput"/>
        </Event>
        <Event Name="Modifica" Executer="it.sella.anagrafe.sm.admin.DocEventiModificaExecuter" Retrieve="DocEventiAdmin">
            <Transition Name="TrConferma" Target="DocEventiDetails"/>
            <Transition Name="TrNonConferma" Target="ElencoDocEventi"/>
        </Event>
        <Event Name="Elimina" Executer="it.sella.anagrafe.sm.admin.DocEventiEliminaExecuter" Retrieve="DocEventiAdmin">
            <Transition Name="TrConferma" Target="DocEventiConferma"/>
            <Transition Name="TrNonConferma" Target="ElencoDocEventi"/>
        </Event>
        <Event Name="Annulla" Clear="DocEventiAdmin">
            <Transition Name="TrConferma" Target="Pop"/>
        </Event>
    </State>

    <State Name="DocEventiDetails">
        <Event Name="Conferma" Executer="it.sella.anagrafe.sm.admin.DocEventiDetailsExecuter" Retrieve="DocEventiAdmin">
            <Transition Name="TrConferma" Target="DocEventiConferma"/>
            <Transition Name="TrNonConferma" Target="DocEventiDetails"/>
        </Event>
        <Event Name="Indietro" Executer="it.sella.anagrafe.sm.admin.DocEventiDetailsIndietroExecuter" Retrieve="DocEventiAdmin">
            <Transition Name="TrInsert" Target="DocEventiInput"/>
            <Transition Name="TrElenco" Target="ElencoDocEventi"/>
        </Event>
        <Event Name="Annulla" Clear="DocEventiAdmin">
            <Transition Name="TrConferma" Target="Pop"/>
        </Event>
    </State>

    <State Name="DocEventiConferma">
        <Event Name="Conferma" Executer="it.sella.anagrafe.sm.admin.DocEventiConfermaExecuter" Retrieve="DocEventiAdmin">
            <Transition Name="TrConferma" Target="Pop"/>
            <Transition Name="TrNonConferma" Target="DocEventiConferma"/>
        </Event>
        <Event Name="Indietro" Executer="it.sella.anagrafe.sm.admin.DocEventiIndietroExecuter" Retrieve="DocEventiAdmin">
            <Transition Name="TrDetails" Target="DocEventiDetails"/>
            <Transition Name="TrElenco" Target="ElencoDocEventi"/>
        </Event>

        <Event Name="Annulla" Clear="DocEventiAdmin">
            <Transition Name="TrConferma" Target="Pop"/>
        </Event>
    </State>

    <State Name="Pop" Final="true">
    </State>

    <IOParams>
        <Input Params=""/>
        <Output Params=""/>
    </IOParams>

</StateMachine>