<?xml version="1.0" encoding="UTF-8"?>
<!DOCTYPE StateMachine PUBLIC "-//SELLA//DTD StateMachine 1.0//EN" "StateMachine.dtd">
<StateMachine Name="DocumentoImageAdmin" Secure="true">

  <State Name="DocumentoImageAdminInput" Default="true">
      <Event Name="Conferma" Executer="it.sella.anagrafe.sm.admin.documentoimageadmin.DocumentoImageSearchExecuter" Retrieve="idDoc">
          <Transition Name="TrConferma" Type="Push" Application="VisualizzaImageStorageSystems" InputParams="REALID,MP" OutputParams="" Target="DocumentoImageAdminInput"/>
          <Transition Name="TrNonConferma" Target="DocumentoImageAdminInput"/>
      </Event>
      <Event Name="Indietro" Clear="idDoc">
          <Transition Name="TrConferma" Target="Pop"/>
      </Event>
  </State>

  <State Name="Pop" Final="true">
  </State>

    <IOParams>
     <Input Params=""/>
     <Output Params=""/>
    </IOParams>

</StateMachine>
