<?xml version="1.0" encoding="UTF-8"?>

<!DOCTYPE StateMachine PUBLIC "-//SELLA//DTD StateMachine 1.0//EN" "StateMachine.dtd">

<StateMachine Name="DocumentiAdmin" Secure="true">
    <IOParams>
        <Input Params=""/>
        <Output Params=""/>
    </IOParams>


    <State Name="DocumentiAdminInput" Default="true">
		<Event Name="DefaultEvent" Executer="it.sella.anagrafe.sm.admin.documentiadmin.DocumentiDefaultExecuter" Retrieve="documentClassficazionelist" Default="true"/>
        <Event Name="SearchConferma" Executer="it.sella.anagrafe.sm.admin.documentiadmin.DocumentiSearchExecuter" Retrieve="SelectedDocumentiList,documentClassficazionelist">
            <Transition Name="TrConferma" Target="DocumentiAdminInput"/>
            <Transition Name="TrNonConferma" Target="DocumentiAdminInput"/>
        </Event>

        <Event Name="Indietro" Clear="SelectedDocumentiList,documentClassficazionelist">
            <Transition Name="TrConferma" Target="Pop"/>
        </Event>
        <Event Name="Insert">
            <Transition Name="TrConferma" Target="DocumentiAdminInsert"/>
        </Event>
        
        <Event Name="Conferma">
            <Transition Name="TrConferma" Target="DocumentiAdminSearchResult"/>
        </Event>

    </State>
   
    <State Name="DocumentiAdminSearchResult" >
		<Event Name="DefaultEvent" Executer="it.sella.anagrafe.sm.admin.documentiadmin.DocumentiModifyOrDeleteSearchExecuter" Retrieve="SelectedCompDocumentAdminView,documentClassficazionelist,documentId"  Default="true"/>
		<Event Name="Modifica">
            <Transition Name="TrConferma" Target="DocumentiAdminModifica"/>
        </Event>

        <Event Name="Indietro" Executer="it.sella.anagrafe.sm.admin.documentiadmin.DocumentiIndietroExecuter" Retrieve="documentClassficazionelist" Clear="SelectedCompDocumentAdminView">
            <Transition Name="TrConferma" Target="DocumentiAdminInput"/>
        </Event>

		<Event Name="Delete">
            <Transition Name="TrConferma" Target="DocumentiAdminModificaOrDeleteConferma"/>
        </Event>
        
        <Event Name="Annulla" Clear="SelectedCompDocumentAdminView,documentId">
            <Transition Name="TrConferma" Target="Pop"/>
        </Event>
        
    </State>
    
     <State Name="DocumentiAdminModifica">
     	<Event Name="DefaultEvent" Retrieve="SelectedCompDocumentAdminView,SelectedModifyCompDocumentAdminView,SelectedDocumentiList,documentClassficazionelist" Default="true"/>
     	<Event Name="Conferma" Executer="it.sella.anagrafe.sm.admin.documentiadmin.DocumentiModifyExecuter" Retrieve="documentClassficazionelist">
            <Transition Name="TrConferma" Target="DocumentiAdminModificaOrDeleteConferma"/>
            <Transition Name="TrNonConferma" Target="DocumentiAdminModifica"/>
        </Event>
        
        <Event Name="Indietro" Clear="SelectedCompDocumentAdminView">
            <Transition Name="TrConferma" Target="DocumentiAdminSearchResult"/>
        </Event>
     </State>
     
     <State Name="DocumentiAdminModificaOrDeleteConferma">
     	<Event Name="DefaultEvent" Retrieve="SelectedCompDocumentAdminView,SelectedModifyCompDocumentAdminView" Default="true"/>
     	 <Event Name="Conferma" Executer="it.sella.anagrafe.sm.admin.documentiadmin.DocumentiModifyOrDeleteConfermaExecuter"  Retrieve="documentClassficazionelist">
            <Transition Name="TrConferma" Target="DocumentiAdminInput"/>
            <Transition Name="TrNonConferma" Target="DocumentiAdminModificaOrDeleteConferma"/>
        </Event>
        
        <Event Name="Indietro" Executer="it.sella.anagrafe.sm.admin.documentiadmin.DocumentiIndietroExecuter">
            <Transition Name="TrConferma" Target="DocumentiAdminModifica"/>
        </Event>

    </State>

    <State Name="DocumentiAdminInsert">
    	<Event Name="DefaultEvent" Executer="it.sella.anagrafe.sm.admin.documentiadmin.DocumentiDefaultExecuter" Retrieve="documentClassficazionelist,SelectedDocumentiList" Default="true"/>
        <Event Name="Conferma" Executer="it.sella.anagrafe.sm.admin.documentiadmin.DocumentiInsertExecuter" Retrieve="documentClassficazionelist">
            <Transition Name="TrConferma" Target="DocumentiAdminInput"/>
            <Transition Name="TrNonConferma" Target="DocumentiAdminInsert"/>
        </Event>
        <Event Name="Indietro" Executer="it.sella.anagrafe.sm.admin.documentiadmin.DocumentiIndietroExecuter" Clear="SelectedDocumentiList" Retrieve="documentClassficazionelist">
            <Transition Name="TrConferma" Target="DocumentiAdminInput"/>
            <Transition Name="TrNonConferma" Target="DocumentiAdminInsert"/>
        </Event>
        <Event Name="Annulla">
            <Transition Name="TrConferma" Target="Pop"/>
        </Event>
    </State>

    <State Name="Pop" Final="true">
    </State>

</StateMachine>