<?xml version="1.0" encoding="UTF-8"?>

<!DOCTYPE StateMachine PUBLIC "-//SELLA//DTD StateMachine 1.0//EN" "StateMachine.dtd">

<StateMachine Name="DocumentoAdmin" Secure="true">

    <IOParams>
        <Input Params=""/>
        <Output Params=""/>
    </IOParams>

    <State Name="DocumentoHomePage" Default="true">
        <Event Name="Conferma" Executer="it.sella.anagrafe.sm.admin.DocumentoSearchExecuter" Retrieve="DocumentoAdmin">
            <Transition Name="TrConferma" Target="ElencoDocumentoPage"/>
            <Transition Name="TrNonConferma" Target="DocumentoHomePage"/>
        </Event>
        <Event Name="Annulla" Clear="DocumentoAdmin,NazioneList">
            <Transition Name="TrAnnulla" Target="Pop"/>
        </Event>
    </State>

    <State Name="ElencoDocumentoPage">
        <Event Name="Add" Executer="it.sella.anagrafe.sm.admin.DocumentoAddExecuter" Retrieve="DocumentoAdmin,NazioneList">
            <Transition Name="TrAdd" Target="DocumentoDetailsPage"/>
        </Event>
        <Event Name="Modifica" Executer="it.sella.anagrafe.sm.admin.DocumentoModificaExecuter" Retrieve="DocumentoAdmin,NazioneList">
            <Transition Name="TrConferma" Target="DocumentoDetailsPage"/>
            <Transition Name="TrNonConferma" Target="ElencoDocumentoPage"/>
        </Event>
        <Event Name="Elimina" Executer="it.sella.anagrafe.sm.admin.DocumentoEliminaExecuter" Retrieve="DocumentoAdmin">
            <Transition Name="TrConferma" Target="DocumentoConfermaPage"/>
            <Transition Name="TrNonConferma" Target="ElencoDocumentoPage"/>
        </Event>
        <Event Name="Indietro" Clear="DocumentoAdmin">
            <Transition Name="TrIndietro" Target="DocumentoHomePage"/>
        </Event>
        <Event Name="Annulla" Clear="DocumentoAdmin,NazioneList">
            <Transition Name="TrAnnulla" Target="Pop"/>
        </Event>
    </State>


    <State Name="DocumentoDetailsPage">
        <Event Name="Conferma" Executer="it.sella.anagrafe.sm.admin.DocumentoDetailsExecuter" Retrieve="DocumentoAdmin,NazioneList">
            <Transition Name="TrConferma" Target="DocumentoConfermaPage"/>
            <Transition Name="TrNonConferma" Target="DocumentoDetailsPage"/>
        </Event>
        <Event Name="Indietro" Retrieve="DocumentoAdmin,NazioneList">
            <Transition Name="TrIndietro" Target="ElencoDocumentoPage"/>
        </Event>
        <Event Name="Annulla" Clear="DocumentoAdmin,NazioneList">
            <Transition Name="TrAnnulla" Target="Pop"/>
        </Event>
    </State>

    <State Name="DocumentoConfermaPage">
        <Event Name="Conferma" Executer="it.sella.anagrafe.sm.admin.DocumentoConfermaExecuter" Retrieve="DocumentoAdmin">
            <Transition Name="TrConferma" Target="Pop"/>
            <Transition Name="TrNonConferma" Target="DocumentoConfermaPage"/>
        </Event>
        <Event Name="Indietro" Executer="it.sella.anagrafe.sm.admin.DoumentoIndietroExecuter" Retrieve="DocumentoAdmin,NazioneList">
            <Transition Name="TrAdd" Target="DocumentoDetailsPage"/>
            <Transition Name="TrModifca" Target="DocumentoDetailsPage"/>
            <Transition Name="TrElimina" Target="ElencoDocumentoPage"/>
        </Event>
        <Event Name="Annulla" Clear="DocumentoAdmin,NazioneList">
            <Transition Name="TrAnnulla" Target="Pop"/>
        </Event>
    </State>

    <State Name="Pop" Final="true">
    </State>

</StateMachine>
