<?xml version="1.0" encoding="UTF-8"?>

<!DOCTYPE StateMachine PUBLIC "-//SELLA//DTD StateMachine 1.0//EN" "StateMachine.dtd">

<StateMachine Name="DocumentiPoteriFirma" Secure="true">

	<State Name="PoteriFirmaDefault" Default="true">
		<Event Name="DefaultEvent" Default="true" Executer="it.sella.anagrafe.sm.docpoterifirma.DocPoteriFirmaDefaultExecuter">
			<Transition Name="TrConferma" Target="PoteriFirmaDocumentiPage" />
			<Transition Name="TrNonConferma" Target="Pop"/>
		</Event>
	</State>
	
	<State Name="PoteriFirmaDocumentiPage">
		<Event Name="PoteriAggiungi" Executer="it.sella.anagrafe.sm.docpoterifirma.DocPoteriFirmaAggiungiExecuter">
			<Transition Name="TrConferma" Target="PoteriFirmaDocumentiPage" />
			<Transition Name="TrNonConferma" Target="PoteriFirmaDocumentiPage"/>
		</Event>
		<Event Name="Conferma" Executer="it.sella.anagrafe.sm.docpoterifirma.DocPoteriFirmaConfermaExecuter">
			<Transition Name="TrConferma" Target="Pop" />
			<Transition Name="TrNonConferma" Target="PoteriFirmaDocumentiPage"/>
		</Event>
		<Event Name="PoteriElimina" Executer="it.sella.anagrafe.sm.docpoterifirma.DocPoteriFirmaEliminaExecuter" Secure="true">
             <Transition Name="TrConferma" Target="PoteriFirmaDocumentiPage"/>
             <Transition Name="TrNonConferma" Target="PoteriFirmaDocumentiPage"/>
        </Event>
        <Event Name="PoteriModifica" Executer="it.sella.anagrafe.sm.docpoterifirma.DocPoteriFirmaModificaExecuter">
             <Transition Name="TrConferma" Target="PoteriFirmaDocumentiPage"/>
             <Transition Name="TrNonConferma" Target="PoteriFirmaDocumentiPage"/>
        </Event>
		<Event Name="Annulla" Clear="POTERIFIRMA_INPUTDETAILS,POTERIFIRMA_DOC_COLL">
             <Transition Name="TrConferma" Target="Pop"/>
        </Event>
	</State>
	
	<State Name="Pop" Final="true">
    </State>

	<IOParams>
		<Input Params="POTERIFIRMA_INPUTDETAILS:java.util.Map" />
		<Output Params="POTERIFIRMA_OUTPUTDETAILS:java.util.Map" />
	</IOParams>

</StateMachine>