<?xml version="1.0" encoding="UTF-8"?>

<!DOCTYPE StateMachine PUBLIC "-//SELLA//DTD StateMachine 1.0//EN" "StateMachine.dtd">

<StateMachine Name="EventiAdmin" Secure="true">

	<State Name="EventiHomePage" Default="true">
		<Event Name="Conferma" Executer = "it.sella.anagrafe.sm.admin.EventiRicercaExecuter" Retrieve="SOGGETTOID">
			<Transition Name="TrNonConferma" Target="EventiHomePage"/>
        	<Transition Name="TrConferma" Target="ElencoEventiPage"/>
		</Event>
		<Event Name="Add">
			<Transition Name="TrConferma" Target="EventiInsertoPage"/>
		</Event>
      	<Event Name="Annulla" Clear="OPERATION,SOGGETTOID">
			<Transition Name="TrConferma" Target="Pop"/>
		</Event>
	</State>
	<State Name="ElencoEventiPage">
		<Event Name="Modifica" Executer= "it.sella.anagrafe.sm.admin.EventiDetailsExecuter" Retrieve="SOGGETTOID">
            <Transition Name="TrConferma" Target="EventiDettaglioPage"/>
        </Event>
        <Event Name="Elimina" Executer="it.sella.anagrafe.sm.admin.EventiDetailsExecuter" Retrieve="SOGGETTOID,OPERATION">
            <Transition Name="TrConferma" Target="EventiConfermaPage"/>
        </Event>
        <Event Name="Indietro" Retrieve="SOGGETTOID">
            <Transition Name="TrIndietro" Target="EventiHomePage"/>
        </Event>
        <Event Name="Annulla" Clear="OPERATION,SOGGETTOID">
            <Transition Name="TrAnnulla" Target="Pop"/>
        </Event>
    </State>
    <State Name="EventiDettaglioPage">
    	<Event Name="Annulla" Clear="OPERATION,SOGGETTOID">
            <Transition Name="TrAnnulla" Target="Pop"/>
        </Event>
        <Event Name="GoToRicerca" Executer="it.sella.anagrafe.sm.admin.EventiIndietroExecuter" Retrieve="SOGGETTOID">
            <Transition Name="TrRicerca" Target="ElencoEventiPage"/>
            <Transition Name="TrNonConferma" Target="EventiDettaglioPage"/>
        </Event>
        <Event Name="Conferma" Executer = "it.sella.anagrafe.sm.admin.EventiDettaglioConfermaExecuter" Retrieve="SOGGETTOID,OPERATION">
			<Transition Name="TrConferma" Target="EventiConfermaPage"/>
			<Transition Name="TrNonConferma" Target="EventiDettaglioPage"/>
		</Event>
    </State>
    <State Name="EventiConfermaPage">
    	<Event Name="Annulla" Clear="OPERATION,SOGGETTOID">
            <Transition Name="TrAnnulla" Target="Pop"/>
        </Event>
        <Event Name="Indietro" Executer="it.sella.anagrafe.sm.admin.EventiIndietroExecuter" Retrieve="SOGGETTOID">
            <Transition Name="TrModifica" Target="EventiDettaglioPage"/>
            <Transition Name="TrInserto" Target="EventiInsertoPage"/>
            <Transition Name="TrRicerca" Target="ElencoEventiPage"/>
        </Event>
        <Event Name="Conferma" Executer = "it.sella.anagrafe.sm.admin.EventiConfermaExecuter" Retrieve="OPERATION,SOGGETTOID">
			<Transition Name="TrNonConferma" Target="EventiConfermaPage"/>
        	<Transition Name="TrConferma" Target="Pop"/>
		</Event>
    </State>
    <State Name="EventiInsertoPage">
    	<Event Name="Annulla" Clear="OPERATION,SOGGETTOID">
            <Transition Name="TrConferma" Target="Pop"/>
        </Event>
        <Event Name="Indietro" >
            <Transition Name="TrInserto" Target="EventiHomePage"/>
        </Event>
        <Event Name="Conferma" Executer = "it.sella.anagrafe.sm.admin.EventiInsertoExecuter" Store="OPERATION" Retrieve="OPERATION,SOGGETTOID" >
			<Transition Name="TrNonConferma" Target="EventiInsertoPage"/>
        	<Transition Name="TrConferma" Target="EventiConfermaPage"/>
		</Event>
    </State>
	<State Name="Pop" Final="true">

    </State>

    <IOParams>
        <Input Params=""/>
        <Output Params=""/>
    </IOParams>

</StateMachine>
