<?xml version="1.0" encoding="UTF-8"?>

<!DOCTYPE StateMachine PUBLIC "-//SELLA//DTD StateMachine 1.0//EN" "StateMachine.dtd">

<StateMachine Name="FATCACompAZAdmin" Secure="true">

<Event Name="Default" Default="true" Executer="it.sella.anagrafe.sm.admin.fatcacompazadmin.FATCACompAZAdminDefaultExecuter"  >
            		<Transition Name="TrConferma" Target="FATCACompAZHomePage"/>
		    		<Transition Name="TrNonConferma" Target="FATCACompAZHomePage"/>
      		</Event>

	<State Name="FATCACompAZHomePage">
			
		<Event Name="Conferma" Executer="it.sella.anagrafe.sm.admin.fatcacompazadmin.FATCACompAZAdminConfermaExecuter" Retrieve="ClassViewList">
			<Transition Name="TrConferma" Target="FATCACompAZDetailsPage" />
			<Transition Name="TrNonConferma" Target="FATCACompAZHomePage" />
		</Event>
		<Event Name="Tutti" Executer="it.sella.anagrafe.sm.admin.fatcacompazadmin.FATCACompAZAdminConfermaExecuter" Retrieve="ClassViewList">
			<Transition Name="TrConferma" Target="FATCACompAZTuttiPage" />
			<Transition Name="TrNonConferma" Target="FATCACompAZHomePage" />
		</Event>
		<!-- Tutti -->
		<Event Name="Insert" Executer="it.sella.anagrafe.sm.admin.fatcacompazadmin.FATCACompAZExecuter" Retrieve="ClassViewList">
			<Transition Name="TrConferma" Target="FATCACompAZInsertPage" />
			<Transition Name="TrNonConferma" Target="FATCACompAZHomePage"/>
		</Event>
		
		<Event Name="Annulla" Clear="ClassViewList,Tutti">
			<Transition Name="TrAnnulla" Target="Pop" />
		</Event>
	</State>
	
	<State Name="FATCACompAZTuttiPage">
	
	
		<Event Name="Update" Executer="it.sella.anagrafe.sm.admin.fatcacompazadmin.FATCACompAZExecuter" Retrieve="FatcaAZList,Tutti">
			 <Transition Name="TrConferma" Target="FATCACompAZModifyPage"/>
		    <Transition Name="TrNonConferma" Target="FATCACompAZTuttiPage"/>
		</Event>
		
		<Event Name="Delete" Executer="it.sella.anagrafe.sm.admin.fatcacompazadmin.FATCACompAZExecuter" Retrieve="FatcaAZList,Tutti">
            <Transition Name="TrConferma" Target="FATCADeleteConfermaPage"/>
		    <Transition Name="TrNonConferma" Target="FATCACompAZTuttiPage"/>
        </Event>
			
		<Event Name="Insert"  Executer="it.sella.anagrafe.sm.admin.fatcacompazadmin.FATCACompAZExecuter" Retrieve="FatcaAZList,Tutti">
			<Transition Name="TrConferma" Target="FATCACompAZInsertPage" />
			<Transition Name="TrNonConferma" Target="FATCACompAZTuttiPage"/>
		</Event>
		        
		<Event Name="Indietro"  Retrieve="ClassViewList" Clear="Tutti">
			<Transition Name="TrIndietro" Target="FATCACompAZHomePage" />
		</Event>
	</State>
	

	<State Name="FATCACompAZDetailsPage">
	
		<Event Name="Update" Executer="it.sella.anagrafe.sm.admin.fatcacompazadmin.FATCACompAZExecuter" Retrieve="FatcaAZViewList">
			 <Transition Name="TrConferma" Target="FATCACompAZModifyPage"/>
		    <Transition Name="TrNonConferma" Target="FATCACompAZDetailsPage"/>
		</Event>
		
		<Event Name="Delete" Executer="it.sella.anagrafe.sm.admin.fatcacompazadmin.FATCACompAZExecuter" Retrieve="FatcaAZViewList">
            <Transition Name="TrConferma" Target="FATCADeleteConfermaPage"/>
		    <Transition Name="TrNonConferma" Target="FATCACompAZDetailsPage"/>
        </Event>
			
		<Event Name="Indietro"  Retrieve="ClassViewList">
			<Transition Name="TrIndietro" Target="FATCACompAZHomePage" />
		</Event>
		        
	</State>
	
	<State Name="FATCADeleteConfermaPage">
		
		<Event Name="Indietro" Retrieve="FatcaAZViewList">
			<Transition Name="TrIndietro" Target="FATCACompAZDetailsPage" />
		</Event>
		
		<Event Name="TuttiIndietro"  Retrieve="FatcaAZList">
			<Transition Name="TrIndietro" Target="FATCACompAZTuttiPage" />
		</Event>
		
        <Event Name="Conferma" Executer="it.sella.anagrafe.sm.admin.fatcacompazadmin.FATCACompAZDeleteConfermaExecuter" Retrieve="FatcaAZView">
			<Transition Name="TrConferma" Target="FATCACompAZHomePage"/>
		    <Transition Name="TrNonConferma" Target="FATCADeleteConfermaPage"/>
		</Event>
		
	</State>
	
	<State Name="FATCACompAZModifyPage">
	
	
		<Event Name="Indietro" Retrieve="FatcaAZViewList">
			<Transition Name="TrIndietro" Target="FATCACompAZDetailsPage" />
		</Event>
		
		<Event Name="TuttiIndietro" Retrieve="FatcaAZList">
			<Transition Name="TrIndietro" Target="FATCACompAZTuttiPage" />
		</Event>
		
        <Event Name="Conferma" Executer="it.sella.anagrafe.sm.admin.fatcacompazadmin.FATCACompAZModificaExecuter" Retrieve="FatcaAZView,ClassViewList,Tutti">
			<Transition Name="TrConferma" Target="FATCACompAZModifyConfermaPage"/>
		    <Transition Name="TrNonConferma" Target="FATCACompAZModifyPage"/>
		</Event>
		
	</State>
	
	<State Name="FATCACompAZModifyConfermaPage">
	
		<Event Name="Indietro" Retrieve="FatcaAZView,ClassViewList,FatcaAZViewNew,Tutti">
			<Transition Name="TrIndietro" Target="FATCACompAZModifyPage" />
		</Event>
		
        <Event Name="Conferma" Executer="it.sella.anagrafe.sm.admin.fatcacompazadmin.FATCACompAZModificaConfermaExecuter" >
			<Transition Name="TrConferma" Target="FATCACompAZHomePage"/>
		    <Transition Name="TrNonConferma" Target="FATCACompAZModifyConfermaPage"/>
		</Event>
		
	</State>
	
	<State Name="FATCACompAZInsertPage">
	
		
		<Event Name="Indietro" Retrieve="ClassViewList">
			<Transition Name="TrIndietro" Target="FATCACompAZHomePage" />
		</Event>
		
		<Event Name="TuttiIndietro" Retrieve="FatcaAZList">
			<Transition Name="TrIndietro" Target="FATCACompAZTuttiPage" />
		</Event>
		
        <Event Name="Conferma" Executer="it.sella.anagrafe.sm.admin.fatcacompazadmin.FATCACompAZInsertExecuter" Retrieve="ClassViewList,Tutti" >
			<Transition Name="TrConferma" Target="FATCACompAZInsertConfermaPage"/>
		    <Transition Name="TrNonConferma" Target="FATCACompAZInsertPage"/>
		</Event>
		
	</State>
	
	<State Name="FATCACompAZInsertConfermaPage">
		
		<Event Name="Indietro" Retrieve="ClassViewList,FATCAAZInsView,Tutti">
			<Transition Name="TrIndietro" Target="FATCACompAZInsertPage" />
		</Event>
		
				
        <Event Name="Conferma" Executer="it.sella.anagrafe.sm.admin.fatcacompazadmin.FATCACompAZInsertConfermaExecuter" >
			<Transition Name="TrConferma" Target="FATCACompAZHomePage"/>
		    <Transition Name="TrNonConferma" Target="FATCACompAZInsertConfermaPage"/>
		</Event>
		
	</State>
	
	
	<State Name="Pop" Final="true">
	</State>

</StateMachine>