<?xml version="1.0" encoding="UTF-8"?>
<!DOCTYPE StateMachine PUBLIC "-//SELLA//DTD StateMachine 1.0//EN" "StateMachine.dtd">
	<StateMachine Name="FATCACompatibleStampaAdmin" Secure="true">
			<Event Name="Default" Default="true" Executer="it.sella.anagrafe.sm.admin.fatcastampaadmin.FatcaCompatibilityAdminDefaultExecuter" >
            		<Transition Name="TrConferma" Target="FATCASTAMPAHomePage"/>
		    		<Transition Name="TrNonConferma" Target="FATCASTAMPAHomePage"/>
      		</Event>
      		
       	<State Name="FATCASTAMPAHomePage">
      		<Event Name="Update" Executer="it.sella.anagrafe.sm.admin.fatcastampaadmin.FatcaCompatibilityExecuter" Retrieve="ClassViewList">
            		<Transition Name="TrConferma" Target="FATCASTAMPAUpdatePage"/>
		    		<Transition Name="TrNonConferma" Target="FATCASTAMPAHomePage"/>
	  		</Event>
	  		<Event Name="Insert" Executer="it.sella.anagrafe.sm.admin.fatcastampaadmin.FatcaCompatibilityAdminDefaultExecuter">
            		<Transition Name="TrConferma" Target="FATCASTAMPAInsertPage"/>
		    		<Transition Name="TrNonConferma" Target="FATCASTAMPAInsertPage"/>
	  		</Event>
	  		<Event Name="Delete" Executer="it.sella.anagrafe.sm.admin.fatcastampaadmin.FatcaCompatibilityExecuter" Retrieve="ClassViewList">            	
	  			<Transition Name="TrConferma" Target="FATCASTAMPADeletePage"/>
		    		<Transition Name="TrNonConferma" Target="FATCASTAMPAHomePage"/>
	  		</Event>
	  		<Event Name="Annulla" Clear="ClassViewList">
					<Transition Name="TrHomePage" Target="Pop"/>
        	</Event>
    	</State>
    	
    	<State Name="FATCASTAMPAInsertPage">
      		<Event Name="Conferma" Executer="it.sella.anagrafe.sm.admin.fatcastampaadmin.FatcaCompatibilityInsertExecuter" Retrieve="ClassViewList">
            		<Transition Name="TrConferma" Target="FATCASTAMPAInsertConfermaPage"/>
		    		<Transition Name="TrNonConferma" Target="FATCASTAMPAInsertPage"/>
	  		</Event>
	  		<Event Name="Indietro" Retrieve="ClassViewList">
	  		 		<Transition Name="TrIndietro" Target="FATCASTAMPAHomePage"/>
	  		</Event>
    	</State>
    	
    	<State Name="FATCASTAMPAInsertConfermaPage">
      		<Event Name="Conferma" Executer="it.sella.anagrafe.sm.admin.fatcastampaadmin.FatcaCompatibilityInsertConfermaExecuter" Retrieve="FatcaInsView">
            		<Transition Name="TrConferma" Target="FATCASTAMPAHomePage"/>
		    		<Transition Name="TrNonConferma" Target="FATCASTAMPAInsertConfermaPage"/>
	  		</Event>
	  		<Event Name="Indietro" Retrieve="ClassViewList,FATCAView,FatcaInsView">
	  		 		<Transition Name="TrIndietro" Target="FATCASTAMPAInsertPage"/>
	  		</Event>
    	</State>
    	
    	<State Name="FATCASTAMPAUpdatePage">
      		<Event Name="Conferma" Executer="it.sella.anagrafe.sm.admin.fatcastampaadmin.FatcaCompaUpdateExecuter" Retrieve="FatcaView">
            		<Transition Name="TrConferma" Target="FATCASTAMPAUpdateConfermaPage"/>
		    		<Transition Name="TrNonConferma" Target="FATCASTAMPAUpdatePage"/>
	  		</Event>
	  		
	  		<Event Name="Indietro" Retrieve="ClassViewList">
            		<Transition Name="TrIndietro" Target="FATCASTAMPAHomePage"/>
	  		</Event>
    	</State>
    	
    	<State Name="FATCASTAMPAUpdateConfermaPage">
      		<Event Name="Conferma" Executer="it.sella.anagrafe.sm.admin.fatcastampaadmin.FatcaCompaUpdateConfermaExecuter" Retrieve="FatcaNewView,FatcaOldView">
            		<Transition Name="TrConferma" Target="FATCASTAMPAHomePage"/>
		    		<Transition Name="TrNonConferma" Target="FATCASTAMPAUpdatePage"/>
	  		</Event>
	  		<Event Name="Indietro" Retrieve="FatcaView,FatcaNewView">
	  		 		<Transition Name="TrIndietro" Target="FATCASTAMPAUpdatePage"/>
	  		</Event>
    	</State>
    	
    	<State Name="FATCASTAMPADeletePage">
      		<Event Name="Conferma" Executer="it.sella.anagrafe.sm.admin.fatcastampaadmin.FatcaCompatibilityDeleteConfermaExecuter" Retrieve="FatcaView">
            		<Transition Name="TrConferma" Target="FATCASTAMPAHomePage"/>
		    		<Transition Name="TrNonConferma" Target="FATCASTAMPADeletePage"/>
	  		</Event>
	  		<Event Name="Indietro" Retrieve="ClassViewList">
	  		 <Transition Name="TrIndietro" Target="FATCASTAMPAHomePage"/>
	  		</Event>
    	</State>
    	
     <State Name="Pop" Final="true">
     </State>
</StateMachine>