<?xml version="1.0" encoding="UTF-8"?>

<!DOCTYPE StateMachine PUBLIC "-//SELLA//DTD StateMachine 1.0//EN" "StateMachine.dtd">

<StateMachine Name="FatturatoAdmin" Secure="true">

	<State Name="FatturatoHomePage" Default="true">
		<Event Name="Conferma" Executer="it.sella.anagrafe.sm.admin.FatturatoRicercaExecuter" Retrieve="FATTURATODETAILS">
			<Transition Name="TrConferma" Target="FatturatoElencoPage"/>
			<Transition Name="TrNonConferma" Target="FatturatoHomePage"/>
        </Event>
		<Event Name="Add" Clear="FATTURATODETAILS">
			<Transition Name="TrConferma" Target="FatturatoInsertPage"/>
		</Event>
      	<Event Name="Annulla" Clear="FATTURATODETAILS">
			<Transition Name="TrConferma" Target="Pop"/>
		</Event>
	</State>
	<State Name="FatturatoInsertPage">
		<Event Name="Conferma" Executer="it.sella.anagrafe.sm.admin.FatturatoInsertoExecuter" Retrieve="FATTURATODETAILS">
			<Transition Name="TrConferma" Target="FatturatoConfermaPage"/>
			<Transition Name="TrNonConferma" Target="FatturatoInsertPage"/>
        </Event>
		<Event Name="Indietro">
			<Transition Name="TrConferma" Target="FatturatoHomePage"/>
		</Event>
      	<Event Name="Annulla" Clear="FATTURATODETAILS">
			<Transition Name="TrConferma" Target="Pop"/>
		</Event>
	</State>
	<State Name="FatturatoElencoPage">
		<Event Name="Modifica" Executer="it.sella.anagrafe.sm.admin.FatturatoElencoModificaExecuter" Retrieve="FATTURATODETAILS">
			<Transition Name="TrConferma" Target="FatturatoDettaglioPage"/>
			<Transition Name="TrNonConferma" Target="FatturatoElencoPage"/>
        </Event>
		<Event Name="Indietro" Retrieve="FATTURATODETAILS">
			<Transition Name="TrConferma" Target="FatturatoHomePage"/>
		</Event>
      	<Event Name="Annulla" Clear="FATTURATODETAILS">
			<Transition Name="TrConferma" Target="Pop"/>
		</Event>
	  	<Event Name="Elimina" Executer="it.sella.anagrafe.sm.admin.FatturatoElencoEliminaExecuter" Retrieve="FATTURATODETAILS">
			<Transition Name="TrConferma" Target="FatturatoConfermaPage"/>
			<Transition Name="TrNonConferma" Target="FatturatoElencoPage"/>
		</Event>
	</State>
	<State Name="FatturatoDettaglioPage">
		<Event Name="Conferma" Executer="it.sella.anagrafe.sm.admin.FatturatoDettaglioConfermaExecuter" Retrieve="FATTURATODETAILS">
			<Transition Name="TrConferma" Target="FatturatoConfermaPage"/>
			<Transition Name="TrNonConferma" Target="FatturatoDettaglioPage"/>
        </Event>
		<Event Name="GoToRicerca" Executer="it.sella.anagrafe.sm.admin.FatturatoElencoIndietroExecuter" Retrieve="FATTURATODETAILS">
		    <Transition Name="TrRicerca" Target="FatturatoElencoPage"/>
		    <Transition Name="TrNonConferma" Target="FatturatoDettaglioPage"/>
        </Event>
		<Event Name="GoToInsert" Executer="it.sella.anagrafe.sm.admin.FatturatoInsertIndietroExecuter" Retrieve="FATTURATODETAILS">
		    <Transition Name="TrInserto" Target="FatturatoInsertPage"/>
        </Event>
      	<Event Name="Annulla" Clear="FATTURATODETAILS">
			<Transition Name="TrConferma" Target="Pop"/>
		</Event>
	</State>
	<State Name="FatturatoConfermaPage">
		<Event Name="Indietro" Executer="it.sella.anagrafe.sm.admin.FatturatoConfermaIndietroExecuter" Retrieve="FATTURATODETAILS">
            <Transition Name="TrDetta" Target="FatturatoDettaglioPage"/>
            <Transition Name="TrInsert" Target="FatturatoInsertPage"/>
            <Transition Name="TrElecno" Target="FatturatoElencoPage"/>
            <Transition Name="TrNonConferma" Target="FatturatoConfermaPage"/>
        </Event>
       <Event Name="Conferma" Executer="it.sella.anagrafe.sm.admin.FatturatoConfermaExecuter" Retrieve="FATTURATODETAILS">
			<Transition Name="TrConferma" Target="Pop"/>
			<Transition Name="TrNonConferma" Target="FatturatoConfermaPage"/>
        </Event>
      	<Event Name="Annulla" Clear="FATTURATODETAILS">
			<Transition Name="TrConferma" Target="Pop"/>
		</Event>
	</State>
	<State Name="Pop" Final="true">
    
    </State>

    <IOParams>
        <Input Params=""/>
        <Output Params=""/>
    </IOParams>
   
</StateMachine>