<?xml version="1.0" encoding="UTF-8"?>

<!DOCTYPE StateMachine PUBLIC "-//SELLA//DTD StateMachine 1.0//EN" "StateMachine.dtd">

<StateMachine Name="GenerateNewCodiceHost" Secure="true">
<IOParams>
        <Input Params=""/>
        <Output Params=""/>
</IOParams>
     <State Name="GenerateNewCodiceHostPage" Default="true">
      <Event Name="Conferma" Executer="it.sella.anagrafe.sm.newcodicehost.GenerateNewCodiceHostConfermaExecuter">
            <Transition Name="TrConferma" Target="GenerateNewCodiceHostPage"/>
		    <Transition Name="TrNonConferma" Target="GenerateNewCodiceHostPage"/>
	  </Event>
	  <Event Name="Annulla">
			<Transition Name="TrHomePage" Target="Pop"/>
        </Event>
    </State>
     <State Name="Pop" Final="true">
     </State>

</StateMachine>