<?xml version="1.0" encoding="UTF-8"?>
<!DOCTYPE StateMachine PUBLIC "-//SELLA//DTD StateMachine 1.0//EN" "StateMachine.dtd">

<StateMachine Name="GeograficaRicerca" Secure="true">
    <Event Name="DefaultEvent" Default="true" Retrieve="OPERATION_NAME">
        <Transition Name="TrConferma" Target="GeograficaRicercaHome"/>
    </Event>

  <State Name="GeograficaRicercaHome" >
      <Event Name="Conferma" Executer="it.sella.anagrafe.sm.admin.GeograficaRicercaExecuter" Retrieve="OPERATION_NAME">
          <Transition Name="TrCitta" Target="ElencoCitta"/>
          <Transition Name="TrProvincia" Target="ElencoProvince"/>
          <Transition Name="TrCap" Target="ElencoCap"/>
          <Transition Name="TrNazione" Target="ElencoNazione"/>
          <Transition Name="TrNonConferma" Target="GeograficaRicercaHome"/>
      </Event>
      <Event Name="Annulla" Clear="OPERATION,OPERATION_NAME,NAZIONE_COLLECTION">
          <Transition Name="TrAnnulla" Target="Pop"/>
      </Event>
  </State>

  <State Name="ElencoCitta">
      <Event Name="Conferma" Executer="it.sella.anagrafe.sm.admin.GeograficaConfermaExecuter" Clear="OPERATION,OPERATION_NAME,NAZIONE_COLLECTION">
          <Transition Name="TrConferma" Target="Pop"/>
      </Event>
      <Event Name="Indietro" Retrieve="OPERATION_NAME">
          <Transition Name="TrIndietro" Target="GeograficaRicercaHome"/>
      </Event>
	  <Event Name="Annulla" Clear="OPERATION,OPERATION_NAME,NAZIONE_COLLECTION">
		  <Transition Name="TrAnnulla" Target="Pop"/>
	  </Event>
  </State>

  <State Name="ElencoNazione">
      <Event Name="Next" Executer="it.sella.anagrafe.sm.admin.NextNazioneExecuter" Retrieve="OPERATION_NAME">
          <Transition Name="TrConferma" Target="ElencoNazione"/>
      </Event>
      <Event Name="Conferma" Executer="it.sella.anagrafe.sm.admin.GeograficaConfermaExecuter" Clear="OPERATION,OPERATION_NAME,NAZIONE_COLLECTION">
          <Transition Name="TrConferma" Target="Pop"/>
      </Event>
      <Event Name="Indietro" Retrieve="OPERATION_NAME" Clear="NAZIONE_COLLECTION">
          <Transition Name="TrIndietro" Target="GeograficaRicercaHome"/>
      </Event>
	  <Event Name="Annulla" Clear="OPERATION,OPERATION_NAME,NAZIONE_COLLECTION">
		  <Transition Name="TrAnnulla" Target="Pop"/>
	  </Event>
  </State>

  <State Name="ElencoProvince">
      <Event Name="Conferma" Executer="it.sella.anagrafe.sm.admin.GeograficaConfermaExecuter" Clear="OPERATION,OPERATION_NAME,NAZIONE_COLLECTION">
          <Transition Name="TrConferma" Target="Pop"/>
      </Event>
      <Event Name="Indietro" Retrieve="OPERATION_NAME">
          <Transition Name="TrIndietro" Target="GeograficaRicercaHome"/>
      </Event>
	  <Event Name="Annulla" Clear="OPERATION,OPERATION_NAME,NAZIONE_COLLECTION">
		  <Transition Name="TrAnnulla" Target="Pop"/>
	  </Event>
  </State>

  <State Name="ElencoCap">
      <Event Name="Conferma" Executer="it.sella.anagrafe.sm.admin.GeograficaConfermaExecuter" Clear="OPERATION,OPERATION_NAME,NAZIONE_COLLECTION">
          <Transition Name="TrConferma" Target="Pop"/>
      </Event>
      <Event Name="Indietro" Retrieve="OPERATION_NAME">
          <Transition Name="TrIndietro" Target="GeograficaRicercaHome"/>
      </Event>
	  <Event Name="Annulla" Clear="OPERATION,OPERATION_NAME,NAZIONE_COLLECTION">
		  <Transition Name="TrAnnulla" Target="Pop"/>
	  </Event>
  </State>

  <State Name="Pop" Final="true">
  </State>

  <IOParams>
	<Input Params=""/>
    <Input Params="OPERATION:String"/>
    <Input Params="OPERATION:String,OPERATION_NAME:String"/>
	<Output Params="GEOGRAFICA_ID:Long"/>
  </IOParams>

</StateMachine>