<?xml version="1.0" encoding="UTF-8"?>

<!DOCTYPE StateMachine PUBLIC "-//SELLA//DTD StateMachine 1.0//EN" "StateMachine.dtd">

<StateMachine Name="GestoreAnagrafeStoricAdmin" Secure="true">

    	<Event Name="Default" Default="true" Executer="it.sella.anagrafe.sm.admin.StoricDefaultExecuter" Retrieve="SelectedBank">
        	<Transition Name="TrConferma" Target="GestoreStoricHomePage"/>
    	</Event>
    	
	<State Name="GestoreStoricHomePage">
		<Event Name="Conferma" Executer="it.sella.anagrafe.sm.admin.StoricRicercaExecuter" Retrieve="StoricRicercaView,SelectedBank,CodiceHost">
			<Transition Name="TrConferma" Target="GestoreStoricResults"/>
			<Transition Name="TrNonConferma" Target="GestoreStoricHomePage"/>
		</Event>
		<Event Name="Annulla" Clear="StoricRicercaView,SelectedBank,CodiceHost">
			<Transition Name="TrConferma" Target="Pop"/>
		</Event>
		<Event Name="PopulateCombo" Executer="it.sella.anagrafe.sm.admin.StoricPopulateComboExecuter" Retrieve="StoricRicercaView,SelectedBank,CodiceHost">
			<Transition Name="TrConferma" Target="GestoreStoricHomePage"/>
			<Transition Name="TrNonConferma" Target="GestoreStoricHomePage"/>
		</Event>
	</State>
	  
	<State Name="GestoreStoricResults">
	  	<Event Name="Indietro" Executer="it.sella.anagrafe.sm.admin.StoricIndietroExecuter" Retrieve="StoricRicercaView,SelectedBank,CodiceHost">
          	<Transition Name="TrRicerca" Target="GestoreStoricHomePage"/>
          	<Transition Name="TrElenco" Target="GestoreStoricResults"/>
          	<Transition Name="TrNonConferma" Target="GestoreStoricResults"/>
      	</Event>
      	<Event Name="Next" Executer="it.sella.anagrafe.sm.admin.StoricRicercaNextExecuter" Retrieve="StoricRicercaView,SelectedBank,CodiceHost">
          <Transition Name="TrConferma" Target="GestoreStoricResults"/>
          	<Transition Name="TrNonConferma" Target="GestoreStoricResults"/>
		</Event>
      	<Event Name="Difference" Executer="it.sella.anagrafe.sm.admin.StoricDifferenceExecuter" Retrieve="StoricRicercaView,SelectedBank,CodiceHost">
			<Transition Name="TrConferma" Target="GestoreStoricDifferencePage"/>
		</Event>
		<Event Name="Annulla" Clear="StoricRicercaView,SelectedBank,CodiceHost">
          	<Transition Name="TrConferma" Target="Pop"/>
      	</Event>
	</State>
	<State Name="GestoreStoricDifferencePage">
	  	<Event Name="Indietro" Executer="it.sella.anagrafe.sm.admin.StoricIndietroExecuter" Retrieve="StoricRicercaView,SelectedBank,CodiceHost">
          	<Transition Name="TrRicerca" Target="GestoreStoricHomePage"/>
          	<Transition Name="TrElenco" Target="GestoreStoricResults"/>
          	<Transition Name="TrNonConferma" Target="GestoreStoricDifferencePage"/>
		</Event>
      	<Event Name="Annulla" Clear="StoricRicercaView,SelectedBank,CodiceHost" >
          	<Transition Name="TrConferma" Target="Pop"/>
      	</Event>
	</State>
		
	<State Name="Pop" Final="true">
    </State>

    <IOParams>
        <Input Params=""/>
        <Output Params=""/>
    </IOParams>
   
</StateMachine>	
