<?xml version="1.0" encoding="UTF-8"?>

<!DOCTYPE StateMachine PUBLIC "-//SELLA//DTD StateMachine 1.0//EN" "StateMachine.dtd">

<StateMachine Name="GestoreClassificazioneClientele" Secure="true">

	<State Name="GestoreClassificazioneClientelePage" Default="true">
		<Event Name="Conferma"
			Executer="it.sella.anagrafe.sm.admin.GestoreClassificazioneClienteleExecuter">
			
			<Transition Name="TrConferma"
				Target="GestoreClassificazioneClientelePage" Type="Push"
				Application="ClienteClassificazione" InputParams="SoggettoId"
				OutputParams="" />
			<Transition Name="TrNonConferma"
				Target="GestoreClassificazioneClientelePage" />
				
		</Event>
		<Event Name="Annulla" Clear="SoggettoId">
			<Transition Name="TrConferma" Target="Pop" />
		</Event>
	</State>

	<State Name="Pop" Final="true"></State>

	<IOParams>
		<Input Params="" />
		<Output Params="" />
	</IOParams>

</StateMachine>
