<?xml version="1.0" encoding="UTF-8"?>
<!DOCTYPE StateMachine PUBLIC "-//SELLA//DTD StateMachine 1.0//EN" "StateMachine.dtd">

<StateMachine Name="GestoreAttivita" Secure="true">

    <IOParams>
        <Input Params=""/>
        <Input Params="SOGGETTO_ID:Long,MOTIV:String"/>
        <Output Params="AT_CODICEISTAT:String"/>
    </IOParams>

	<Event Name="Default" Default="true" Executer="it.sella.anagrafe.sm.gestoreattivita.RicercaAttivitaDefaultExecuter">
		<Transition Name="TrConferma" Target="RicercaAttivita"/>
	</Event>

    <State Name="RicercaAttivita" >
        <Event Name="PopulateRamo" Executer="it.sella.anagrafe.sm.gestoreattivita.PopulateRamoExecuter">
            <Transition Name="TrConferma" Target="RicercaAttivita"/>
        </Event>
        <Event Name="PopulateAttivita" Executer="it.sella.anagrafe.sm.gestoreattivita.PopulateAttivitaExecuter">
            <Transition Name="TrConferma" Target="RicercaAttivita"/>
        </Event>
        <Event Name="Conferma" Executer="it.sella.anagrafe.sm.gestoreattivita.RicercaAttivitaConfermaExecuter">
            <Transition Name="TrConferma" Target="Pop"/>
            <Transition Name="TrNonConferma" Target="RicercaAttivita"/>
        </Event>
        <Event Name="Annulla" Clear="attivitaDescrizione">
            <Transition Name="TrAnnulla" Target="Pop"/>
        </Event>
    </State>

    <State Name="Pop" Final="true">
    </State>

</StateMachine>
