<?xml version="1.0" encoding="UTF-8"?>

<!DOCTYPE StateMachine PUBLIC "-//SELLA//DTD StateMachine 1.0//EN" "StateMachine.dtd">

<StateMachine Name="GestoreFiscaliW8BEN" Secure="true">

      <Event Name="DefaultEvent" Default="true" 
      		Executer="it.sella.anagrafe.sm.gestorefiscaliw8ben.W8BENDefaultExecuter" Retrieve="W8BENDetails">
         <Transition Name="TrConferma" Target="GestoreFiscaliW8BENDetails"/> 
         <Transition Name="TrNonConferma" Target="GestoreFiscaliW8BENDetails"/>
      </Event>

      <State Name="GestoreFiscaliW8BENDetails">
         <Event Name="Conferma" Executer="it.sella.anagrafe.sm.gestorefiscaliw8ben.W8BENConfermaExecuter" 
         	Retrieve="W8BENDetails" Secure="true" >
         	<Transition Name="TrStampa" Type="Push" Application="StampeOnLine" 
         		Target="Pop" InputParams="xmlData,documentoCode,ristampa,archiviazione" OutputParams="stampa"/>
            <Transition Name="TrConferma" Target="Pop"/>
            <Transition Name="TrNonConferma" Target="GestoreFiscaliW8BENDetails"/>
	     </Event>
	     <Event Name="Annulla" Clear="SOGGETTOID,W8BENDetails,W8BENVIEW">
             <Transition Name="TrConferma" Target="Pop"/>
	     </Event>
      </State>
     
      <State Name="Pop" Final="true">
      </State>

	  <IOParams>
		<Input Params="SOGGETTOID:Long"/> <!--  for external systems -->
		<Input Params="SOGGETTOID:Long,W8BENInputParam:java.util.Hashtable"/> <!--  to be use by Anagrafe applications -->
		<Output Params="W8BENVIEW:it.sella.anagrafe.view.W8BenView"/> <!--  to be use by Anagrafe applications -->
     </IOParams>

</StateMachine>
