<?xml version="1.0" encoding="UTF-8"?>
<!DOCTYPE StateMachine PUBLIC "-//SELLA//DTD StateMachine 1.0//EN" "StateMachine.dtd">

<StateMachine Name="GestoreOrigineCliente" Secure="true">

    <State Name="RicercaCampagna" Default="true">
        <Event Name="Conferma" Executer="it.sella.anagrafe.sm.admin.RicercaCampagnaExecuter" Retrieve="OrigineClienteAdmin">
            <Transition Name="TrConferma" Target="CampagnaDetails"/>
            <Transition Name="TrNonConferma" Target="RicercaCampagna"/>
        </Event>
        <Event Name="Indietro" Clear="OrigineClienteAdmin">
            <Transition Name="TrConferma" Target="Pop"/>
        </Event>
        <Event Name="Insert">
            <Transition Name="TrConferma" Target="CampagnaInsert"/>
        </Event>
    </State>

    <State Name="CampagnaDetails">
        <Event Name="Conferma" Executer="it.sella.anagrafe.sm.admin.CampagnaDetailsExecuter" Retrieve="OrigineClienteAdmin">
            <Transition Name="TrConferma" Target="CampagnaDetailsConferma"/>
            <Transition Name="TrNonConferma" Target="CampagnaDetails"/>
        </Event>
        <Event Name="Indietro" Clear="OrigineClienteAdmin">
            <Transition Name="TrConferma" Target="RicercaCampagna"/>
        </Event>
        <Event Name="Elimina" Executer="it.sella.anagrafe.sm.admin.CampagnaEliminaExecuter" Retrieve="OrigineClienteAdmin">
            <Transition Name="TrConferma" Target="Dummy"/>
        </Event>
        <Event Name="Annulla" Clear="OrigineClienteAdmin">
            <Transition Name="TrConferma" Target="Pop"/>
        </Event>
    </State>

    <State Name="CampagnaInsert">
        <Event Name="Conferma" Executer="it.sella.anagrafe.sm.admin.CampagnaInsertExecuter" Retrieve="OrigineClienteAdmin">
            <Transition Name="TrConferma" Target="CampagnaDetailsConferma"/>
            <Transition Name="TrNonConferma" Target="CampagnaInsert"/>
        </Event>
        <Event Name="Indietro" Clear="OrigineClienteAdmin">
            <Transition Name="TrConferma" Target="RicercaCampagna"/>
        </Event>
        <Event Name="Annulla" Clear="OrigineClienteAdmin">
            <Transition Name="TrConferma" Target="Pop"/>
        </Event>
    </State>


    <State Name="CampagnaDetailsConferma">
        <Event Name="Conferma" Executer="it.sella.anagrafe.sm.admin.CampagnaDetailsConfermaExecuter" Retrieve="OrigineClienteAdmin">
            <Transition Name="TrConferma" Target="Dummy"/>
            <Transition Name="TrNonConferma" Target="CampagnaDetailsConferma"/>
        </Event>
        <Event Name="Indietro" Executer="it.sella.anagrafe.sm.admin.CampagnaIndietroExecuter" Retrieve="OrigineClienteAdmin">
            <Transition Name="TrInsert" Target="CampagnaInsert"/>
            <Transition Name="TrModify" Target="CampagnaDetails"/>
        </Event>
        <Event Name="Annulla" Clear="OrigineClienteAdmin">
            <Transition Name="TrConferma" Target="Pop"/>
        </Event>
    </State>

    <State Name="Dummy">
        <Event Name="Conferma" Clear="OrigineClienteAdmin">
            <Transition Name="TrConferma" Target="Pop"/>
        </Event>
    </State>


    <State Name="Pop" Final="true">
    </State>

    <IOParams>
        <Input Params=""/>
        <Output Params=""/>
    </IOParams>

</StateMachine>
