<?xml version="1.0" encoding="UTF-8"?>

<!DOCTYPE StateMachine PUBLIC "-//SELLA//DTD StateMachine 1.0//EN" "StateMachine.dtd">

<StateMachine Name="GestoreAnagrafeLogger" Secure="true">

	  <Event Name="Default" Default="true" Executer="it.sella.anagrafe.sm.logger.LoggerInputDefaultExecuter">
	    	<Transition Name="TrConferma" Target="LogViewerInput"/>
	  </Event>

  <State Name="LogViewerInput">
	  <Event Name="Conferma" Executer="it.sella.anagrafe.sm.logger.LoggerInputConfermaExecuter" Retrieve="BankViews">
          	<Transition Name="TrConferma" Target="LogViewerResults"/>
          	<Transition Name="TrNonConferma" Target="LogViewerInput"/>
      </Event>
      <Event Name="OpCode" Executer="it.sella.anagrafe.sm.logger.LoggerOperationCodeExecuter" Retrieve="BankViews,InputDetails">
          	<Transition Name="TrConferma" Target="LoggerOperationDetails"/>
          	<Transition Name="TrNonConferma" Target="LogViewerInput"/>
      </Event>
      <Event Name="Annulla" Clear="LogViewerDetails,InputDetails,BankViews">
          	<Transition Name="TrConferma" Target="Pop"/>
      </Event>
  </State>

  <State Name="LogViewerResults">
	  <Event Name="Indietro" Executer="it.sella.anagrafe.sm.logger.LoggerIndietroExecuter" Retrieve="BankViews,InputDetails">
          	<Transition Name="TrRicerca" Target="LogViewerInput"/>
          	<Transition Name="TrElenco" Target="LogViewerResults"/>
          	<Transition Name="TrNonConferma" Target="LogViewerResults"/>
      </Event>
      <Event Name="Next" Executer="it.sella.anagrafe.sm.logger.LoggerInputNextExecuter" Retrieve="BankViews,InputDetails">
          	<Transition Name="TrConferma" Target="LogViewerResults"/>
          	<Transition Name="TrNonConferma" Target="LogViewerInput"/>
      </Event>
      <Event Name="Difference" Executer="it.sella.anagrafe.sm.logger.LoggerDifferenceExecuter" Retrieve="BankViews,InputDetails">
			<Transition Name="TrConferma" Target="LoggerDifferenceDetails"/>
			<Transition Name="TrNonConferma" Target="LogViewerResults"/>
	  </Event>
	  <Event Name="Annulla" Clear="LogViewerDetails,InputDetails,BankViews">
          <Transition Name="TrConferma" Target="Pop"/>
      </Event>
  </State>
  
  <State Name="LoggerDifferenceDetails">
	  <Event Name="Indietro" Executer="it.sella.anagrafe.sm.logger.LoggerIndietroExecuter" Retrieve="BankViews,InputDetails">
          	<Transition Name="TrRicerca" Target="LogViewerInput"/>
          	<Transition Name="TrElenco" Target="LogViewerResults"/>
          	<Transition Name="TrNonConferma" Target="LogViewerResults"/>
      </Event>
	  <Event Name="Annulla" Clear="LogViewerDetails,InputDetails,BankViews" >
          	<Transition Name="TrConferma" Target="Pop"/>
      	</Event>
  </State>

  <State Name="LoggerOperationDetails">
	  <Event Name="Conferma" Executer="it.sella.anagrafe.sm.logger.LoggerInputDefaultExecuter" Retrieve="BankViews,InputDetails">
          	<Transition Name="TrConferma" Target="LogViewerInput"/>
          	<Transition Name="TrNonConferma" Target="LoggerOperationDetails"/>
      </Event>
	  <Event Name="Annulla" Clear="LogViewerDetails,InputDetails,BankViews" >
          	<Transition Name="TrConferma" Target="Pop"/>
      	</Event>
  </State>
	
	
  <State Name="Pop" Final="true">
  </State>
  
  <IOParams> 
  		<Input Params=""/>
  		<Output Params=""/>
  </IOParams>

</StateMachine>