<?xml version="1.0" encoding="UTF-8"?>

<!DOCTYPE StateMachine PUBLIC "-//SELLA//DTD StateMachine 1.0//EN" "StateMachine.dtd">

<StateMachine Name="GestoreAmministratoriBanca" Secure="true">

	<State Name="GestoreAmministratoriDefault" Default="true">
	    <Event Name="DefaultEvent" Executer="it.sella.anagrafe.sm.gestoreamministratori.GestoreAmministratoriDefaultExecuter" Default="true">
	        <Transition Name="TrConferma" Target="GestoreAmministratori"/>
	    </Event>
	</State>

    <State Name="GestoreAmministratori">
        <Event Name="Conferma" Executer="it.sella.anagrafe.sm.gestoreamministratori.GestoreAmministratoriConfermaExecuter">
            <Transition Name="TrConferma" Target="Pop"/>
            <Transition Name="TrNonConferma" Target="GestoreAmministratori"/>
        </Event>
        <Event Name="Annulla">
            <Transition Name="TrAnnulla" Target="Pop"/>
        </Event>
        <Event Name="UPloadArt136File" Secure="true">
            <Transition Name="TrConferma" Target="GestoreAmministratoriExcelUploadFile"/>
        </Event>
        <Event Name="DWloadArt136File" Executer="it.sella.anagrafe.sm.gestoreamministratori.GestoreAmministratoriExcelExportExecuter" Secure="true">
        	<Transition Name="TrExcel" Target="GestoreAmministratoriExcelDownLoadFile"/>
        	<Transition Name="TrConferma" Type="Push" Application="ExcelExport" InputParams="hashData,orderOfColumns" Target="GestoreAmministratoriDefault"/>
            <Transition Name="TrNonConferma" Target="GestoreAmministratoriDefault"/>
        </Event>
    </State>
    
    <State Name="GestoreAmministratoriExcelUploadFile">
        <Event Name="Upload">
            <Transition Name="TrConferma" Target="GestoreAmministratoriExcelUploadFTP"/>
        </Event>
        <Event Name="Indietro" Executer="it.sella.anagrafe.sm.gestoreamministratori.GestoreAmministratoriDefaultExecuter">
            <Transition Name="TrConferma" Target="GestoreAmministratori"/>
            <Transition Name="TrNonConferma" Target="GestoreAmministratoriExcelUploadFile"/>
        </Event>
        <Event Name="Annulla">
            <Transition Name="TrAnnulla" Target="Pop"/>
        </Event>
    </State>
    
    <State Name="GestoreAmministratoriExcelUploadFTP">
        <Event Name="Conferma" Executer="it.sella.anagrafe.sm.gestoreamministratori.GestoreAmminstratoriExcelDataInsertExecuter" >
            <Transition Name="TrConferma" Target="GestoreAmministratoriExcelUploadFile"/>
        </Event>
    </State>

    <State Name="GestoreAmministratoriExcelDownLoadFile">
        <Event Name="DownLoad">
            <Transition Name="TrConferma" Target="GestoreAmministratoriDefault"/>
        </Event>
    </State>
    
    <State Name="Pop" Final="true">
    </State>

    <IOParams>
		<Input Params=""/>
			<Input Params="SOGGETTO_ID:Long"/>
			<Input Params="SOGGETTO_ID:String"/>
		<Output Params=""/>
	</IOParams>

</StateMachine>
