<?xml version="1.0" encoding="UTF-8"?>

<!DOCTYPE StateMachine PUBLIC "-//SELLA//DTD StateMachine 1.0//EN" "StateMachine.dtd">

<StateMachine Name="GestoreFiscaliW8IMY" Secure="true">

	<Event Name="DefaultEvent" Default="true" Executer="it.sella.anagrafe.sm.gestorefiscaliw8imy.W8IDefaultExecuter">
		<Transition Name="TrDefault" Target="GestoreFiscaliW8IPage" />
	</Event>

	<State Name="GestoreFiscaliW8IPage">
		<Event Name="Conferma" Executer="it.sella.anagrafe.sm.gestorefiscaliw8imy.W8IConfermaExecuter" Secure="true">
			<Transition Name="TrStampa" Type="Push" Application="StampeOnLine" Target="Pop"
				InputParams="xmlData,documentoCode,ristampa,archiviazione" OutputParams="stampa" />
			<Transition Name="TrConferma" Target="Pop" />
			<Transition Name="TrNonConferma" Target="GestoreFiscaliW8IPage" />
		</Event>
		<Event Name="Annulla" Clear="W8iSoggettoId,W8IInputDetails"> 
			<Transition Name="TrConferma" Target="Pop" />
		</Event>
	</State>
	
	<State Name="Pop" Final="true">
	</State>

	<IOParams>
		<Input Params="W8iSoggettoId:Long" />  <!--  for external systems -->
		<Input Params="W8iSoggettoId:Long,W8IInputDetails:java.util.Hashtable" />  <!--  to be use by Anagrafe applications -->
		<Output Params="W8IOutput:String" /><!--  to be use by Anagrafe applications -->
	</IOParams>

</StateMachine>
