<?xml version="1.0" encoding="UTF-8"?>

<!DOCTYPE StateMachine PUBLIC "-//SELLA//DTD StateMachine 1.0//EN" "StateMachine.dtd">

<StateMachine Name="GestioneDipendenteCheTratta" Secure="true">

    <Event Name="Default" Executer="it.sella.anagrafe.sm.gestionedipendentechetratta.DipctAlignDefaultExecuter" Default="true">
        <Transition Name="TrConferma" Target="DipctAlignDetailsPage"/>
        <Transition Name="TrNonConferma" Target="Pop"/>
    </Event>

    <State Name="DipctAlignDetailsPage">
        <Event Name="Move" Executer="it.sella.anagrafe.sm.gestionedipendentechetratta.DipctAlignMoveExecuter" >
            <Transition Name="TrConferma"  Target="Pop"/>
            <Transition Name="TrNonConferma" Target="DipctAlignDetailsPage"/>
            <Transition Name="TrFailure" Target="Pop"/>
        </Event>
        <Event Name="Terminate" Executer="it.sella.anagrafe.sm.gestionedipendentechetratta.DipctAlignTerminateExecuter" >
            <Transition Name="TrConferma"  Target="Pop"/>
            <Transition Name="TrNonConferma" Target="DipctAlignDetailsPage"/>
            <Transition Name="TrFailure" Target="Pop"/>
        </Event>
        <Event Name="Change" Executer="it.sella.anagrafe.sm.gestionedipendentechetratta.DipctAlignChangeExecuter" >
            <Transition Name="TrConferma"  Target="Pop"/>
            <Transition Name="TrNonConferma" Target="DipctAlignDetailsPage"/>
            <Transition Name="TrFailure" Target="Pop"/>
        </Event>
        <Event Name="Annulla">
            <Transition Name="TrAnnulla" Target="Pop"/>
        </Event>
    </State>

    <State Name="Pop" Final="true">
    </State>

    <IOParams>
        <Input Params=""/>
        <Input Params="DIPENTER:String"/>
        <Output Params="STATUS:String,ERROR:String"/>
    </IOParams>

</StateMachine>