<?xml version="1.0" encoding="UTF-8"?>

<!DOCTYPE StateMachine PUBLIC "-//SELLA//DTD StateMachine 1.0//EN" "StateMachine.dtd">

<StateMachine Name="GestoreMigration" Secure="true">

    <Event Name="DefaultEvent" Default="true" Executer="it.sella.anagrafe.sm.gestoremigration.MigrationDefaultExecuter" Retrieve="loginBankDetail">
         <Transition Name="TrConferma" Target="GestoreMigrationHomePage"/> 
    </Event>
	
    <State Name="GestoreMigrationHomePage">
       <Event Name="Annulla" Clear="loginBankDetail" >
         	<Transition Name="TrConferma" Target="Pop"/>
   	   </Event>
   	   <Event Name="Transfer" Secure="true">
   		 	<Transition Name="TrConferma" Target="GestoreMigrationFileUpload"/>
   	   </Event>
   	   <Event Name="SaveData" Executer="it.sella.anagrafe.sm.gestoremigration.MigrationInsertExecuter" Retrieve="loginBankDetail" Secure="true">
        	<Transition Name="TrConferma" Target="GestoreMigrationHomePage"/>
    	</Event>
    	<Event Name="ClearData" Executer="it.sella.anagrafe.sm.gestoremigration.MigrationDeleteExecuter" Retrieve="loginBankDetail" Secure="true">
        	<Transition Name="TrConferma" Target="GestoreMigrationHomePage"/>
    	</Event>
    	<Event Name="ShowFile" Executer="it.sella.anagrafe.sm.gestoremigration.MigrationLoadExecuter" Retrieve="loginBankDetail" Secure="true">
        	<Transition Name="TrConferma" Target="GestoreMigrationHomePage"/>
    	</Event>
    </State>
     
     <State Name="GestoreMigrationFileUpload">
        <Event Name="Conferma"  Retrieve="loginBankDetail" >
           	<Transition Name="TrConferma" Target="GestoreMigrationHomePage"/>
       	</Event>
     </State>
      
      <State Name="Pop" Final="true">
      </State>
      
      <IOParams>
        <Input Params=""/>
        <Output Params=""/>
      </IOParams>
      
</StateMachine>