<?xml version="1.0" encoding="UTF-8"?>

<!DOCTYPE StateMachine PUBLIC "-//SELLA//DTD StateMachine 1.0//EN" "StateMachine.dtd">

<StateMachine Name="GestoreAnagrafeSHRBAdmin" Secure="true">

    <Event Name="Default" Default="true" Executer="it.sella.anagrafe.sm.admin.GestoreSocketDefaultExecuter" Retrieve="SocketTable">
       	<Transition Name="TrConferma" Target="GestoreAnagrafeSHRBAdminHomePage"/>
       	<Transition Name="TrNonConferma" Target="GestoreAnagrafeSHRBAdminHomePage"/>
    </Event>

	<State Name="GestoreAnagrafeSHRBAdminHomePage">
		<Event Name="Conferma" Executer="it.sella.anagrafe.sm.admin.GestoreSocketConfermaExecuter" Retrieve="SocketTable">
			<Transition Name="TrConferma" Target="GestoreAnagrafeSHRBResultPage"/>
			<Transition Name="TrNonConferma" Target="GestoreAnagrafeSHRBAdminHomePage"/>
		</Event>
		<Event Name="Annulla" Clear="SocketTable">
			<Transition Name="TrConferma" Target="Pop"/>
		</Event>
	</State>

	<State Name="GestoreAnagrafeSHRBResultPage">
      	<Event Name="Next" Executer="it.sella.anagrafe.sm.admin.GestoreSocketRicercaNextExecuter" Retrieve="SocketTable">
          	<Transition Name="TrConferma" Target="GestoreAnagrafeSHRBResultPage"/>
 	      	<Transition Name="TrNonConferma" Target="GestoreAnagrafeSHRBResultPage"/>
		</Event>
		<Event Name="ImmdediateForce" Executer="it.sella.anagrafe.sm.admin.GestoreSocketUpdateExecuter" Retrieve="SocketTable">
	        <Transition Name="TrModifica" Target="GestoreAnagrafeSHRBResultPage"/>
 		    <Transition Name="TrDelete" Target="GestoreAnagrafeSHRBConfermaPage"/>
 	      	<Transition Name="TrConferma" Target="Dummy"/>
		</Event>
		<Event Name="SingleForce" Executer="it.sella.anagrafe.sm.admin.GestoreSocketUpdateExecuter" Retrieve="SocketTable">
	        <Transition Name="TrModifica" Target="GestoreAnagrafeSHRBResultPage"/>
 		    <Transition Name="TrDelete" Target="GestoreAnagrafeSHRBConfermaPage"/>
 	      	<Transition Name="TrConferma" Target="Dummy"/>
		</Event>
		<Event Name="Update" Executer="it.sella.anagrafe.sm.admin.GestoreSocketUpdateExecuter" Retrieve="SocketTable">
    	    <Transition Name="TrModifca" Target="GestoreAnagrafeSHRBUpdatePage"/>
	 	    <Transition Name="TrDelete" Target="GestoreAnagrafeSHRBConfermaPage"/>
 	      	<Transition Name="TrNonConferma" Target="GestoreAnagrafeSHRBResultPage"/>
		</Event>
		<Event Name="Delete" Executer="it.sella.anagrafe.sm.admin.GestoreSocketUpdateExecuter" Retrieve="SocketTable">
	        <Transition Name="TrModifica" Target="GestoreAnagrafeSHRBResultPage"/>
 		    <Transition Name="TrDelete" Target="GestoreAnagrafeSHRBConfermaPage"/>
 	      	<Transition Name="TrNonConferma" Target="GestoreAnagrafeSHRBResultPage"/>
		</Event>
		<Event Name="Indietro" Retrieve="SocketTable">
			<Transition Name="TrConferma" Target="GestoreAnagrafeSHRBAdminHomePage"/>
		</Event>
		<Event Name="Annulla" Clear="SocketTable">
			<Transition Name="TrConferma" Target="Pop"/>
		</Event>
	</State>

	<State Name="GestoreAnagrafeSHRBUpdatePage">
		<Event Name="Conferma" Executer="it.sella.anagrafe.sm.admin.GestoreSocketUpdateConfermaExecuter" Retrieve="SocketTable">
          	<Transition Name="TrConferma" Target="GestoreAnagrafeSHRBConfermaPage"/>
 	      	<Transition Name="TrNonConferma" Target="GestoreAnagrafeSHRBUpdatePage"/>
		</Event>
		<Event Name="Indietro" Retrieve="SocketTable">
			<Transition Name="TrConferma" Target="GestoreAnagrafeSHRBAdminHomePage"/>
		</Event>
		<Event Name="Annulla" Clear="SocketTable">
			<Transition Name="TrConferma" Target="Pop"/>
		</Event>
	</State>

	<State Name="GestoreAnagrafeSHRBConfermaPage">
		<Event Name="Conferma" Executer="it.sella.anagrafe.sm.admin.GestoreAnagrafeSHRBConfermaExecuter" Retrieve="SocketTable">
			<Transition Name="TrConferma" Target="Pop"/>
			<Transition Name="TrNonConferma" Target="GestoreAnagrafeSHRBConfermaPage"/>
		</Event>
		<Event Name="Indietro" Retrieve="SocketTable">
			<Transition Name="TrConferma" Target="GestoreAnagrafeSHRBUpdatePage"/>
		</Event>
		<Event Name="Annulla" Clear="SocketTable">
			<Transition Name="TrConferma" Target="Pop"/>
		</Event>
	</State>

     <State Name="Dummy" >
         <Event Name="DefaultEvent" Default="true" Clear="SocketTable">
             <Transition Name="TrConferma" Target="Pop"/>
         </Event>
      </State>

	<State Name="Pop" Final="true">
    </State>

    <IOParams>
        <Input Params=""/>
        <Output Params=""/>
    </IOParams>
   
</StateMachine>	
