<?xml version="1.0" encoding="UTF-8"?>

<!DOCTYPE StateMachine PUBLIC "-//SELLA//DTD StateMachine 1.0//EN" "StateMachine.dtd">

<StateMachine Name="GestoreOraclePackage" Secure="true">

	<State Name="GestoreOraclePackageHomePage" Default="true">
        <Event Name="AnagrafePack">
            <Transition Name="TrConferma" Target="ListFunctionsOne"/>
        </Event>
        <Event Name="GestoreAnagrafePack">
            <Transition Name="TrConferma" Target="GestoreOraclePackageLinks"/>
        </Event>
        <Event Name="Annulla">
            <Transition Name="TrConferma" Target="Pop"/>
        </Event>
     </State>

     <State Name="GestoreOraclePackageLinks">
        <Event Name="GestoreAddress">
            <Transition Name="TrConferma" Target="GestoreAddressListOne"/>
        </Event>
        <Event Name="GestoreAnagrafe">
            <Transition Name="TrConferma" Target="GestoreAnagrafeListOne"/>
        </Event>
        <Event Name="GestoreAnagrafeMaster">
            <Transition Name="TrConferma" Target="GestoreAnagrafeMasterListOne"/>
        </Event>
        <Event Name="Annulla">
            <Transition Name="TrConferma" Target="Pop"/>
        </Event>
     </State>

     <State Name="GestoreAnagrafeListOne">
        <Event Name="Conferma" Executer="it.sella.anagrafe.sm.oracleadmin.GestoreAnagListFunctionsExecuter" Store="PageNo">
            <Transition Name="TrConferma" Target="GestoreAnagrafeFunctionInput"/>
            <Transition Name="TrResult" Target="GestoreAnagrafeFunctionResult"/>
        </Event>
        <Event Name="Annulla" Clear="PageNo">
            <Transition Name="TrConferma" Target="Pop"/>
        </Event>
        <Event Name="PageTwo">
            <Transition Name="Conferma" Target="GestoreAnagrafeListTwo"/>
        </Event>
        <Event Name="PageThree">
            <Transition Name="Conferma" Target="GestoreAnagrafeListThree"/>
        </Event>
        <Event Name="PageFour">
            <Transition Name="Conferma" Target="GestoreAnagrafeListFour"/>
        </Event>
        <Event Name="PageFive">
            <Transition Name="Conferma" Target="GestoreAnagrafeListFive"/>
        </Event>
    </State>

    <State Name="GestoreAnagrafeListTwo">
        <Event Name="Conferma" Executer="it.sella.anagrafe.sm.oracleadmin.GestoreAnagListFunctionsExecuter" Store="PageNo">
            <Transition Name="TrConferma" Target="GestoreAnagrafeFunctionInput"/>
            <Transition Name="TrResult" Target="GestoreAnagrafeFunctionResult"/>
        </Event>
        <Event Name="Annulla" Clear="PageNo">
            <Transition Name="TrConferma" Target="Pop"/>
        </Event>
        <Event Name="PageOne">
            <Transition Name="Conferma" Target="GestoreAnagrafeListOne"/>
        </Event>
        <Event Name="PageThree">
            <Transition Name="Conferma" Target="GestoreAnagrafeListThree"/>
        </Event>
        <Event Name="PageFour">
            <Transition Name="Conferma" Target="GestoreAnagrafeListFour"/>
        </Event>
        <Event Name="PageFive">
            <Transition Name="Conferma" Target="GestoreAnagrafeListFive"/>
        </Event>
    </State>

    <State Name="GestoreAnagrafeListThree">
        <Event Name="Conferma" Executer="it.sella.anagrafe.sm.oracleadmin.GestoreAnagListFunctionsExecuter" Store="PageNo">
            <Transition Name="TrConferma" Target="GestoreAnagrafeFunctionInput"/>
            <Transition Name="TrResult" Target="GestoreAnagrafeFunctionResult"/>
        </Event>
        <Event Name="Annulla" Clear="PageNo">
            <Transition Name="TrConferma" Target="Pop"/>
        </Event>
        <Event Name="PageOne">
            <Transition Name="Conferma" Target="GestoreAnagrafeListOne"/>
        </Event>
        <Event Name="PageTwo">
            <Transition Name="Conferma" Target="GestoreAnagrafeListTwo"/>
        </Event>
        <Event Name="PageFour">
            <Transition Name="Conferma" Target="GestoreAnagrafeListFour"/>
        </Event>
        <Event Name="PageFive">
            <Transition Name="Conferma" Target="GestoreAnagrafeListFive"/>
        </Event>
    </State>

    <State Name="GestoreAnagrafeListFour">
        <Event Name="Conferma" Executer="it.sella.anagrafe.sm.oracleadmin.GestoreAnagListFunctionsExecuter" Store="PageNo">
            <Transition Name="TrConferma" Target="GestoreAnagrafeFunctionInput"/>
            <Transition Name="TrResult" Target="GestoreAnagrafeFunctionResult"/>
        </Event>
        <Event Name="Annulla" Clear="PageNo">
            <Transition Name="TrConferma" Target="Pop"/>
        </Event>
        <Event Name="PageOne">
            <Transition Name="Conferma" Target="GestoreAnagrafeListOne"/>
        </Event>
        <Event Name="PageTwo">
            <Transition Name="Conferma" Target="GestoreAnagrafeListTwo"/>
        </Event>
        <Event Name="PageThree">
            <Transition Name="Conferma" Target="GestoreAnagrafeListThree"/>
        </Event>
        <Event Name="PageFive">
            <Transition Name="Conferma" Target="GestoreAnagrafeListFive"/>
        </Event>
    </State>

    <State Name="GestoreAnagrafeListFive">
        <Event Name="Conferma" Executer="it.sella.anagrafe.sm.oracleadmin.GestoreAnagListFunctionsExecuter" Store="PageNo">
            <Transition Name="TrConferma" Target="GestoreAnagrafeFunctionInput"/>
            <Transition Name="TrResult" Target="GestoreAnagrafeFunctionResult"/>
        </Event>
        <Event Name="Annulla" Clear="PageNo">
            <Transition Name="TrConferma" Target="Pop"/>
        </Event>
        <Event Name="PageOne">
            <Transition Name="Conferma" Target="GestoreAnagrafeListOne"/>
        </Event>
        <Event Name="PageTwo">
            <Transition Name="Conferma" Target="GestoreAnagrafeListTwo"/>
        </Event>
        <Event Name="PageThree">
            <Transition Name="Conferma" Target="GestoreAnagrafeListThree"/>
        </Event>
        <Event Name="PageFour">
            <Transition Name="Conferma" Target="GestoreAnagrafeListFour"/>
        </Event>
    </State>

    <State Name="GestoreAnagrafeFunctionResult">
        <Event Name="Indietro" Executer="it.sella.anagrafe.sm.oracleadmin.GestoreAnagIndietroExecuter">
            <Transition Name="PageOne" Target="GestoreAnagrafeListOne"/>
            <Transition Name="PageTwo" Target="GestoreAnagrafeListTwo"/>
            <Transition Name="PageThree" Target="GestoreAnagrafeListThree"/>
            <Transition Name="PageFour" Target="GestoreAnagrafeListFour"/>
            <Transition Name="PageFive" Target="GestoreAnagrafeListFive"/>
        </Event>
        <Event Name="Annulla" Clear="PageNo">
            <Transition Name="TrConferma" Target="Pop"/>
        </Event>
    </State>

    <State Name="GestoreAnagrafeFunctionInput">
        <Event Name="Conferma" Executer="it.sella.anagrafe.sm.oracleadmin.GestoreAnagInputConfermaExecuter">
            <Transition Name="TrConferma" Target="GestoreAnagrafeFunctionResult"/>
            <Transition Name="TrNonConferma" Target="GestoreAnagrafeFunctionInput"/>
        </Event>
        <Event Name="Indietro" Executer="it.sella.anagrafe.sm.oracleadmin.GestoreAnagIndietroExecuter">
            <Transition Name="PageOne" Target="GestoreAnagrafeListOne"/>
            <Transition Name="PageTwo" Target="GestoreAnagrafeListTwo"/>
            <Transition Name="PageThree" Target="GestoreAnagrafeListThree"/>
            <Transition Name="PageFour" Target="GestoreAnagrafeListFour"/>
            <Transition Name="PageFive" Target="GestoreAnagrafeListFive"/>
        </Event>
        <Event Name="Annulla" Clear="PageNo">
            <Transition Name="TrConferma" Target="Pop"/>
        </Event>
    </State>



    <!-- Address -->

    <State Name="GestoreAddressListOne">
        <Event Name="Conferma" Executer="it.sella.anagrafe.sm.oracleadmin.GestoreAnagListFunctionsExecuter" Store="PageNo">
            <Transition Name="TrConferma" Target="GestoreAddressFunctionInput"/>
            <Transition Name="TrResult" Target="GestoreAddressFunctionResult"/>
        </Event>
        <Event Name="Annulla" Clear="PageNo">
            <Transition Name="TrConferma" Target="Pop"/>
        </Event>
    </State>
    <State Name="GestoreAddressFunctionResult">
        <Event Name="Indietro" Executer="it.sella.anagrafe.sm.oracleadmin.GestoreAnagIndietroExecuter">
            <Transition Name="PageOne" Target="GestoreAddressListOne"/>
        </Event>
        <Event Name="Annulla" Clear="PageNo">
            <Transition Name="TrConferma" Target="Pop"/>
        </Event>
    </State>
    <State Name="GestoreAddressFunctionInput">
        <Event Name="Conferma" Executer="it.sella.anagrafe.sm.oracleadmin.GestoreAnagInputConfermaExecuter">
            <Transition Name="TrConferma" Target="GestoreAddressFunctionResult"/>
            <Transition Name="TrNonConferma" Target="GestoreAddressFunctionInput"/>
        </Event>
        <Event Name="Indietro" Executer="it.sella.anagrafe.sm.oracleadmin.GestoreAnagIndietroExecuter">
            <Transition Name="PageOne" Target="GestoreAddressListOne"/>
        </Event>
        <Event Name="Annulla" Clear="PageNo">
            <Transition Name="TrConferma" Target="Pop"/>
        </Event>
    </State>


    <!--  Anagrafe Master -->

    <State Name="GestoreAnagrafeMasterListOne">
        <Event Name="Conferma" Executer="it.sella.anagrafe.sm.oracleadmin.GestoreAnagListFunctionsExecuter" Store="PageNo">
            <Transition Name="TrConferma" Target="GestoreAnagrafeMasterFunctionInput"/>
            <Transition Name="TrResult" Target="GestoreAnagrafeMasterFunctionResult"/>
        </Event>
        <Event Name="Annulla" Clear="PageNo">
            <Transition Name="TrConferma" Target="Pop"/>
        </Event>
    </State>
    <State Name="GestoreAnagrafeMasterFunctionResult">
        <Event Name="Indietro" Executer="it.sella.anagrafe.sm.oracleadmin.GestoreAnagIndietroExecuter">
            <Transition Name="PageOne" Target="GestoreAnagrafeMasterListOne"/>
        </Event>
        <Event Name="Annulla" Clear="PageNo">
            <Transition Name="TrConferma" Target="Pop"/>
        </Event>
    </State>
    <State Name="GestoreAnagrafeMasterFunctionInput">
        <Event Name="Conferma" Executer="it.sella.anagrafe.sm.oracleadmin.GestoreAnagInputConfermaExecuter">
            <Transition Name="TrConferma" Target="GestoreAnagrafeMasterFunctionResult"/>
            <Transition Name="TrNonConferma" Target="GestoreAnagrafeMasterFunctionInput"/>
        </Event>
        <Event Name="Indietro" Executer="it.sella.anagrafe.sm.oracleadmin.GestoreAnagIndietroExecuter">
            <Transition Name="PageOne" Target="GestoreAnagrafeMasterListOne"/>
        </Event>
        <Event Name="Annulla" Clear="PageNo">
            <Transition Name="TrConferma" Target="Pop"/>
        </Event>
    </State>




   <!-- Thiru -->

	<State Name="ListFunctionsOne">
        <Event Name="Conferma" Executer="it.sella.anagrafe.sm.oracleadmin.ListFunctionsExecuter" Store="PageNo">
            <Transition Name="TrConferma" Target="FunctionInput"/>
            <Transition Name="TrResult" Target="FunctionResult"/>
        </Event>
        <Event Name="Annulla" Clear="PageNo">
            <Transition Name="TrConferma" Target="Pop"/>
        </Event>
        <Event Name="PageTwo">
            <Transition Name="Conferma" Target="ListFunctionsTwo"/>
        </Event>
        <Event Name="PageThree">
            <Transition Name="Conferma" Target="ListFunctionsThree"/>
        </Event>
        <Event Name="PageFour">
            <Transition Name="Conferma" Target="ListFunctionsFour"/>
        </Event>
        <Event Name="PageFive">
            <Transition Name="Conferma" Target="ListFunctionsFive"/>
        </Event>
        <Event Name="PageSix">
            <Transition Name="Conferma" Target="ListFunctionsSix"/>
        </Event>
        <Event Name="PageSeven">
            <Transition Name="Conferma" Target="ListFunctionsSeven"/>
        </Event>
    </State>

    <State Name="ListFunctionsTwo">
        <Event Name="Conferma" Executer="it.sella.anagrafe.sm.oracleadmin.ListFunctionsExecuter" Store="PageNo">
            <Transition Name="TrConferma" Target="FunctionInput"/>
            <Transition Name="TrResult" Target="FunctionResult"/>
        </Event>
        <Event Name="Annulla" Clear="PageNo">
            <Transition Name="TrConferma" Target="Pop"/>
        </Event>
        <Event Name="PageOne">
            <Transition Name="Conferma" Target="ListFunctionsOne"/>
        </Event>
        <Event Name="PageThree">
            <Transition Name="Conferma" Target="ListFunctionsThree"/>
        </Event>
        <Event Name="PageFour">
            <Transition Name="Conferma" Target="ListFunctionsFour"/>
        </Event>
        <Event Name="PageFive">
            <Transition Name="Conferma" Target="ListFunctionsFive"/>
        </Event>
        <Event Name="PageSix">
            <Transition Name="Conferma" Target="ListFunctionsSix"/>
        </Event>
        <Event Name="PageSeven">
            <Transition Name="Conferma" Target="ListFunctionsSeven"/>
        </Event>
    </State>

    <State Name="ListFunctionsThree">
        <Event Name="Conferma" Executer="it.sella.anagrafe.sm.oracleadmin.ListFunctionsExecuter" Store="PageNo">
            <Transition Name="TrConferma" Target="FunctionInput"/>
            <Transition Name="TrResult" Target="FunctionResult"/>
        </Event>
        <Event Name="Annulla" Clear="PageNo">
            <Transition Name="TrConferma" Target="Pop"/>
        </Event>
        <Event Name="PageOne">
            <Transition Name="Conferma" Target="ListFunctionsOne"/>
        </Event>
        <Event Name="PageTwo">
            <Transition Name="Conferma" Target="ListFunctionsTwo"/>
        </Event>
        <Event Name="PageFour">
            <Transition Name="Conferma" Target="ListFunctionsFour"/>
        </Event>
        <Event Name="PageFive">
            <Transition Name="Conferma" Target="ListFunctionsFive"/>
        </Event>
        <Event Name="PageSix">
            <Transition Name="Conferma" Target="ListFunctionsSix"/>
        </Event>
        <Event Name="PageSeven">
            <Transition Name="Conferma" Target="ListFunctionsSeven"/>
        </Event>
    </State>

    <State Name="ListFunctionsFour">
        <Event Name="Conferma" Executer="it.sella.anagrafe.sm.oracleadmin.ListFunctionsExecuter" Store="PageNo">
            <Transition Name="TrConferma" Target="FunctionInput"/>
            <Transition Name="TrResult" Target="FunctionResult"/>
        </Event>
        <Event Name="Annulla" Clear="PageNo">
            <Transition Name="TrConferma" Target="Pop"/>
        </Event>
        <Event Name="PageOne">
            <Transition Name="Conferma" Target="ListFunctionsOne"/>
        </Event>
        <Event Name="PageTwo">
            <Transition Name="Conferma" Target="ListFunctionsTwo"/>
        </Event>
        <Event Name="PageThree">
            <Transition Name="Conferma" Target="ListFunctionsThree"/>
        </Event>
        <Event Name="PageFive">
            <Transition Name="Conferma" Target="ListFunctionsFive"/>
        </Event>
        <Event Name="PageSix">
            <Transition Name="Conferma" Target="ListFunctionsSix"/>
        </Event>
        <Event Name="PageSeven">
            <Transition Name="Conferma" Target="ListFunctionsSeven"/>
        </Event>
    </State>

    <State Name="ListFunctionsFive">
        <Event Name="Conferma" Executer="it.sella.anagrafe.sm.oracleadmin.ListFunctionsExecuter" Store="PageNo">
            <Transition Name="TrConferma" Target="FunctionInput"/>
            <Transition Name="TrResult" Target="FunctionResult"/>
        </Event>
        <Event Name="Annulla" Clear="PageNo">
            <Transition Name="TrConferma" Target="Pop"/>
        </Event>
        <Event Name="PageOne">
            <Transition Name="Conferma" Target="ListFunctionsOne"/>
        </Event>
        <Event Name="PageTwo">
            <Transition Name="Conferma" Target="ListFunctionsTwo"/>
        </Event>
        <Event Name="PageThree">
            <Transition Name="Conferma" Target="ListFunctionsThree"/>
        </Event>
        <Event Name="PageFour">
            <Transition Name="Conferma" Target="ListFunctionsFour"/>
        </Event>
        <Event Name="PageSix">
            <Transition Name="Conferma" Target="ListFunctionsSix"/>
        </Event>
        <Event Name="PageSeven">
            <Transition Name="Conferma" Target="ListFunctionsSeven"/>
        </Event>
    </State>

    <State Name="ListFunctionsSix">
        <Event Name="Conferma" Executer="it.sella.anagrafe.sm.oracleadmin.ListFunctionsExecuter" Store="PageNo">
            <Transition Name="TrConferma" Target="FunctionInput"/>
            <Transition Name="TrResult" Target="FunctionResult"/>
        </Event>
        <Event Name="Annulla" Clear="PageNo">
            <Transition Name="TrConferma" Target="Pop"/>
        </Event>
        <Event Name="PageOne">
            <Transition Name="Conferma" Target="ListFunctionsOne"/>
        </Event>
        <Event Name="PageTwo">
            <Transition Name="Conferma" Target="ListFunctionsTwo"/>
        </Event>
        <Event Name="PageThree">
            <Transition Name="Conferma" Target="ListFunctionsThree"/>
        </Event>
        <Event Name="PageFour">
            <Transition Name="Conferma" Target="ListFunctionsFour"/>
        </Event>
        <Event Name="PageFive">
            <Transition Name="Conferma" Target="ListFunctionsFive"/>
        </Event>
        <Event Name="PageSeven">
            <Transition Name="Conferma" Target="ListFunctionsSeven"/>
        </Event>
    </State>

    <State Name="ListFunctionsSeven">
        <Event Name="Conferma" Executer="it.sella.anagrafe.sm.oracleadmin.ListFunctionsExecuter" Store="PageNo">
            <Transition Name="TrConferma" Target="FunctionInput"/>
            <Transition Name="TrResult" Target="FunctionResult"/>
        </Event>
        <Event Name="Annulla" Clear="PageNo">
            <Transition Name="TrConferma" Target="Pop"/>
        </Event>
        <Event Name="PageOne">
            <Transition Name="Conferma" Target="ListFunctionsOne"/>
        </Event>
        <Event Name="PageTwo">
            <Transition Name="Conferma" Target="ListFunctionsTwo"/>
        </Event>
        <Event Name="PageThree">
            <Transition Name="Conferma" Target="ListFunctionsThree"/>
        </Event>
        <Event Name="PageFour">
            <Transition Name="Conferma" Target="ListFunctionsFour"/>
        </Event>
        <Event Name="PageFive">
            <Transition Name="Conferma" Target="ListFunctionsFive"/>
        </Event>
        <Event Name="PageSix">
            <Transition Name="Conferma" Target="ListFunctionsSix"/>
        </Event>
    </State>

    <State Name="FunctionInput">
        <Event Name="Conferma" Executer="it.sella.anagrafe.sm.oracleadmin.FunctionInputConfermaExecuter">
            <Transition Name="TrConferma" Target="FunctionResult"/>
            <Transition Name="TrNonConferma" Target="FunctionInput"/>
        </Event>
        <Event Name="Indietro" Executer="it.sella.anagrafe.sm.oracleadmin.IndietroExecuter">
            <Transition Name="PageOne" Target="ListFunctionsOne"/>
            <Transition Name="PageTwo" Target="ListFunctionsTwo"/>
            <Transition Name="PageThree" Target="ListFunctionsThree"/>
            <Transition Name="PageFour" Target="ListFunctionsFour"/>
            <Transition Name="PageFive" Target="ListFunctionsFive"/>
            <Transition Name="PageSix" Target="ListFunctionsSix"/>
            <Transition Name="PageSeven" Target="ListFunctionsSeven"/>
        </Event>
        <Event Name="Annulla" Clear="PageNo">
            <Transition Name="TrConferma" Target="Pop"/>
        </Event>
    </State>

    <State Name="FunctionResult">
        <Event Name="Indietro" Executer="it.sella.anagrafe.sm.oracleadmin.IndietroExecuter">
            <Transition Name="PageOne" Target="ListFunctionsOne"/>
            <Transition Name="PageTwo" Target="ListFunctionsTwo"/>
            <Transition Name="PageThree" Target="ListFunctionsThree"/>
            <Transition Name="PageFour" Target="ListFunctionsFour"/>
            <Transition Name="PageFive" Target="ListFunctionsFive"/>
            <Transition Name="PageSix" Target="ListFunctionsSix"/>
            <Transition Name="PageSeven" Target="ListFunctionsSeven"/>
        </Event>
        <Event Name="Annulla" Clear="PageNo">
            <Transition Name="TrConferma" Target="Pop"/>
        </Event>
    </State>


    <State Name="Pop" Final="true">
    </State>

    <IOParams>
        <Input Params=""/>
        <Output Params=""/>
    </IOParams>


</StateMachine>