<?xml version="1.0" encoding="UTF-8"?>

<!DOCTYPE StateMachine PUBLIC "-//SELLA//DTD StateMachine 1.0//EN" "StateMachine.dtd">

<StateMachine Name="ManageRecapiti" Secure="true">

	<Event Name="DefaultEvent" Default="true" Executer="it.sella.anagrafe.sm.managerecapiti.ManageRecapitiDefaultExecuter" Retrieve="RecapitiTable">
		<Transition Name="TrDefault" Target="ManageRecapitiHomePage" />
	</Event>

	<State Name="ManageRecapitiHomePage">
		<Event Name="RecapitiAggiungi"  Executer ="it.sella.anagrafe.sm.managerecapiti.ManageRecapitiAggiungiExecuter" Retrieve="RecapitiTable">
			<Transition Name="TrConferma" Target="ManageRecapitiHomePage"/>
		 </Event>
		 <Event Name="RecapitiModifica"  Executer ="it.sella.anagrafe.sm.managerecapiti.ManageRecapitiModificaExecuter" Retrieve="RecapitiTable">
		  	<Transition Name="TrConferma" Target="ManageRecapitiHomePage"/>
		 </Event>
		 <Event Name="RecapitiElimina"  Executer ="it.sella.anagrafe.sm.managerecapiti.ManageRecapitiEliminaExecuter" Retrieve="RecapitiTable">
		  	<Transition Name="TrConferma" Target="ManageRecapitiHomePage"/>
		 </Event>
		<Event Name="Annulla" Clear="RecapitiTable,RecapitiSoggettoId,IndexOfRecapiti,RecapitiForModifica">
			<Transition Name="TrConferma" Target="Pop"/>
		</Event>
		  <Event Name="ConfermaRiepilogo" Executer = "it.sella.anagrafe.sm.managerecapiti.ManageRecapitiConfermaExecuter" Retrieve="RecapitiTable">
           	  <Transition Name="TrNonConferma" Target="ManageRecapitiHomePage"/>
           	  <Transition Name="TrConferma" Target="Pop"/>
         </Event>
          <Event Name="ConfermaHomePage" Executer = "it.sella.anagrafe.sm.managerecapiti.ManageRecapitiConfermaExecuter" Retrieve="RecapitiTable">
           	  <Transition Name="TrNonConferma" Target="ManageRecapitiHomePage"/>
           	  <Transition Name="TrConferma" Target="Pop"/>
         </Event>
         <!-- For other subsystems -->
          <Event Name="Conferma" Executer = "it.sella.anagrafe.sm.managerecapiti.ManageRecapitiConfermaExecuter" Retrieve="RecapitiTable">
           	  <Transition Name="TrNonConferma" Target="ManageRecapitiHomePage"/>
           	  <Transition Name="TrConferma" Target="Pop"/>
         </Event>
	</State>
	
	 <State Name="Pop" Final="true">
    </State>

	<IOParams>
		<Input Params="RecapitiSoggettoId:Long" />
		<Input Params="RecapitiSoggettoId:Long,THROUGH_ANAGRAFE:java.lang.Boolean" /> 
		<Output Params="RecapitiCollection:java.util.Collection,ManageRecapiti_Redirect:String,Canale_Preferito_View:it.sella.anagrafe.ICanalePreferitoDataView"/>
	</IOParams>

</StateMachine>
