<?xml version="1.0" encoding="UTF-8"?>

<!DOCTYPE StateMachine PUBLIC "-//SELLA//DTD StateMachine 1.0//EN" "StateMachine.dtd">

<StateMachine Name="MapperClass" Secure="true">
<IOParams>
        <Input Params=""/>
        <Output Params=""/>
</IOParams>
      <Event Name="Default" Default="true" Executer="it.sella.anagrafe.sm.mapperclass.MapperClassDefaultExecuter">
            <Transition Name="TrConferma" Target="MapperClassPage"/>
		    <Transition Name="TrNonConferma" Target="MapperClassPage"/>
      </Event>
      
     <State Name="MapperClassPage">
     <Event Name="DefaultEvent" Default="true" Retrieve="MapperClassBanks"></Event>
      <Event Name="Update" Executer="it.sella.anagrafe.sm.mapperclass.MapperClassUpdateExecuter">
            <Transition Name="TrConferma" Target="MapperClassPage"/>
		    <Transition Name="TrNonConferma" Target="MapperClassPage"/>
	  </Event>
	  <Event Name="Annulla" Clear="MapperClassBanks">
			<Transition Name="TrHomePage" Target="Pop"/>
        </Event>
    </State>
     <State Name="Pop" Final="true">
     </State>

</StateMachine>