<?xml version="1.0" encoding="UTF-8"?>
<!DOCTYPE StateMachine PUBLIC "-//SELLA//DTD StateMachine 1.0//EN" "StateMachine.dtd">
<StateMachine Name="MergeSoggettoAdmin" Secure="true">
	<State Name="MergeSoggetto" Default="true">
      <Event Name="Conferma" Executer="it.sella.anagrafe.sm.admin.mergesoggettoadmin.MergeSoggettoConfermaExecuter" Retrieve="mainSoggetto,replaceSoggetto,errorMessage,closeLinks">
          <Transition Name="TrConferma" Target="MergeSoggettoConferma"/>
      </Event>
      
      <Event Name="Annulla" Clear="mainSoggetto,replaceSoggetto,closeLinks">
          <Transition Name="TrAnnulla" Target="Pop"/>
      </Event>
      
    </State>
      <State Name="MergeSoggettoConferma" >
       <Event Name="Conferma" Executer="it.sella.anagrafe.sm.admin.mergesoggettoadmin.MergeSoggettoFinalConfermaExecuter" Retrieve="mainSoggetto,replaceSoggetto,closeLinks">
          <Transition Name="TrConferma" Target="Pop"/>
          <Transition Name="TrNonConferma" Target="MergeSoggetto"/>
      </Event>
      <Event Name="Indietro" Retrieve="mainSoggetto,replaceSoggetto,closeLinks">
          <Transition Name="TrIndietro" Target="MergeSoggetto"/>
      </Event>
  </State>
   <State Name="Pop" Final="true">
  </State>
</StateMachine>