<?xml version="1.0" encoding="UTF-8"?>

<!DOCTYPE StateMachine PUBLIC "-//SELLA//DTD StateMachine 1.0//EN" "StateMachine.dtd">

<StateMachine Name="ModuloPrivacy" Secure="true">
    <Event Name="Default" Default="true" Retrieve="MAIN_SOGGETTO_ID">
        <Transition Name="TrConferma" Target="ModuloPrivacyPage"/>
    </Event>
    <State Name="ModuloPrivacyPage">
        <Event Name="Bianco" Executer="it.sella.anagrafe.sm.moduloprivacy.ModuloPrivacyBiancoExecuter" Retrieve="MAIN_SOGGETTO_ID">
            <Transition Name="TrConferma" Type="Push" Application="StampeOnLine" InputParams="xmlData,documentoCode,ristampa,archiviazione" OutputParams="stampa" Target="Intermediate"/>
		    <Transition Name="TrNonConferma" Target="ModuloPrivacyPage"/>
	    </Event>
        <Event Name="Detaglio" Executer="it.sella.anagrafe.sm.moduloprivacy.ModuloPrivacyDetaglioExecuter" Retrieve="MAIN_SOGGETTO_ID">
            <Transition Name="TrConferma" Type="Push" Application="StampeOnLine" InputParams="xmlData,documentoCode,ristampa,archiviazione" OutputParams="stampa" Target="Intermediate"/>
            <Transition Name="TrNonConferma" Target="ModuloPrivacyPage"/>
        </Event>
        <Event Name="Ristampa" Executer="it.sella.anagrafe.sm.moduloprivacy.ModuloPrivacyRistampaExecuter" Retrieve="MAIN_SOGGETTO_ID">
            <Transition Name="TrConferma" Type="Push" Application="StampeOnLine" InputParams="xmlData,documentoCode,ristampa,archiviazione" OutputParams="stampa" Target="Intermediate"/>
            <Transition Name="TrNonConferma" Target="ModuloPrivacyPage"/>
        </Event>
        <Event Name="Annulla" Clear="MAIN_SOGGETTO_ID">
			<Transition Name ="TrHomePage" Type="Push" Application="HomePageIntranet" InputParams="" OutputParams=""/>
        </Event>
    </State>
    <State Name="Intermediate">
            <Event Name="Default" Default="true" Retrieve="MAIN_SOGGETTO_ID">
                <Transition Name="TrConferma" Target="ModuloPrivacyPage"/>
            </Event>
    </State>
    <State Name="Pop" Final="true"/>

    <IOParams>
        <Input Params=""/>
        <Input Params="MAIN_SOGGETTO_ID:Long"/>
        <Output Params=""/>
    </IOParams>

</StateMachine>
