<?xml version="1.0" encoding="UTF-8"?>

<!DOCTYPE StateMachine PUBLIC "-//SELLA//DTD StateMachine 1.0//EN" "StateMachine.dtd">

<StateMachine Name="OrigineClienteAdmin" Secure="true">

	<State Name="OrigineClienteHomePage" Default="true">
		<Event Name="Conferma" Executer="it.sella.anagrafe.sm.admin.OrigineClienteRicercaExecuter" Retrieve="SOGGETTOID">
			<Transition Name="TrConferma" Target="OrigineClienteElencoPage"/>
			<Transition Name="TrNonConferma" Target="OrigineClienteHomePage"/>
        </Event>
		<Event Name="Add" Clear="OPERATION,SOGGETTOID">
			<Transition Name="TrConferma" Target="OrigineClienteInsertPage"/>
		</Event>
      	<Event Name="Annulla" Clear="OPERATION,SOGGETTOID">
			<Transition Name="TrConferma" Target="Pop"/>
		</Event>
	</State>
	<State Name="OrigineClienteInsertPage">
		<Event Name="Conferma" Executer="it.sella.anagrafe.sm.admin.OrigineClienteInsertoExecuter" Retrieve="SOGGETTOID,OPERATION">
			<Transition Name="TrConferma" Target="OrigineClienteConfermaPage"/>
			<Transition Name="TrNonConferma" Target="OrigineClienteInsertPage"/>
        </Event>
		<Event Name="Indietro">
			<Transition Name="TrConferma" Target="OrigineClienteHomePage"/>
		</Event>
      	<Event Name="Annulla" Clear="OPERATION,SOGGETTOID">
			<Transition Name="TrConferma" Target="Pop"/>
		</Event>
	</State>
	<State Name="OrigineClienteElencoPage">
		<Event Name="Modifica" Executer="it.sella.anagrafe.sm.admin.OrigineClienteDetailsExecuter" Retrieve="SOGGETTOID">
			<Transition Name="TrConferma" Target="OrigineClienteDettaglioPage"/>
			<Transition Name="TrNonConferma" Target="OrigineClienteElencoPage"/>
        </Event>
		<Event Name="Indietro" Retrieve="SOGGETTOID">
			<Transition Name="TrConferma" Target="OrigineClienteHomePage"/>
		</Event>
      	<Event Name="Annulla" Clear="OPERATION,SOGGETTOID">
			<Transition Name="TrConferma" Target="Pop"/>
		</Event>
	  	<Event Name="Elimina" Executer="it.sella.anagrafe.sm.admin.OrigineClienteDetailsExecuter" Retrieve="SOGGETTOID,OPERATION">
			<Transition Name="TrConferma" Target="OrigineClienteConfermaPage"/>
		</Event>
	</State>
	<State Name="OrigineClienteDettaglioPage">
		<Event Name="Conferma" Executer="it.sella.anagrafe.sm.admin.OrigineClienteDetailsConfermaExecuter" Retrieve="SOGGETTOID,OPERATION">
			<Transition Name="TrConferma" Target="OrigineClienteConfermaPage"/>
			<Transition Name="TrNonConferma" Target="OrigineClienteDettaglioPage"/>
        </Event>
		<Event Name="GoToRicerca" Executer="it.sella.anagrafe.sm.admin.OrigineClienteIndietroExecuter" Retrieve="SOGGETTOID">
		    <Transition Name="TrRicerca" Target="OrigineClienteElencoPage"/>
            <Transition Name="TrNonConferma" Target="OrigineClienteDettaglioPage"/>
        </Event>
      	<Event Name="Annulla" Clear="OPERATION,SOGGETTOID">
			<Transition Name="TrConferma" Target="Pop"/>
		</Event>
	</State>
	<State Name="OrigineClienteConfermaPage">
		<Event Name="Indietro" Executer="it.sella.anagrafe.sm.admin.OrigineClienteIndietroExecuter" Retrieve="SOGGETTOID">
            <Transition Name="TrModifica" Target="OrigineClienteDettaglioPage"/>
            <Transition Name="TrInserto" Target="OrigineClienteInsertPage"/>
            <Transition Name="TrRicerca" Target="OrigineClienteElencoPage"/>
        </Event>
       <Event Name="Conferma" Executer="it.sella.anagrafe.sm.admin.OrigineClienteConfermaExecuter" Retrieve="SOGGETTOID,OPERATION">
			<Transition Name="TrConferma" Target="Pop"/>
			<Transition Name="TrNonConferma" Target="OrigineClienteConfermaPage"/>
        </Event>
      	<Event Name="Annulla" Clear="OPERATION,SOGGETTOID">
			<Transition Name="TrConferma" Target="Pop"/>
		</Event>
	</State>
	<State Name="Pop" Final="true">

    </State>

    <IOParams>
        <Input Params=""/>
        <Output Params=""/>
    </IOParams>

</StateMachine>
