<?xml version="1.0" encoding="UTF-8"?>

<!DOCTYPE StateMachine PUBLIC "-//SELLA//DTD StateMachine 1.0//EN" "StateMachine.dtd">

<StateMachine Name="PartitivaEsteraAdmin" Secure="true">
    <IOParams>
        <Input Params=""/>
        <Output Params=""/>
    </IOParams>


    <State Name="PartitivaEsteraInput" Default="true">
		<Event Name="DefaultEvent" Retrieve="SelectedPartitivaEsteraDetailslist" Default="true"/>
        <Event Name="SearchConferma" Executer="it.sella.anagrafe.sm.partitaivaestero.PartitaivaEsteroSearchExecuter" Retrieve="SelectedPartitivaEsteraDetailslist">
            <Transition Name="TrConferma" Target="PartitivaEsteraInput"/>
            <Transition Name="TrNonConferma" Target="PartitivaEsteraInput"/>
        </Event>

        <Event Name="Indietro" Clear="SelectedPartitivaEsteraDetailslist">
            <Transition Name="TrConferma" Target="Pop"/>
        </Event>
        <Event Name="Insert">
            <Transition Name="TrConferma" Target="PartitivaEsteraInsert"/>
        </Event>
        
        <Event Name="Conferma">
            <Transition Name="TrConferma" Target="PartitivaEsteraSearchResult"/>
        </Event>

    </State>
   
    <State Name="PartitivaEsteraSearchResult" >
		<Event Name="DefaultEvent" Executer="it.sella.anagrafe.sm.partitaivaestero.PartitaivaEsteroModifyOrDeleteSearchExecuter" Retrieve="SelectedPartitivaEsteraValidationView"  Default="true"/>
		<Event Name="Modifica">
            <Transition Name="TrConferma" Target="PartitivaEsteraModificaConferma"/>
        </Event>

        <Event Name="Indietro" Executer="it.sella.anagrafe.sm.partitaivaestero.PartitaivaEsteroIndietroExecuter" Retrieve="SelectedPartitivaEsteraDetailslist" Clear="SelectedModifyPartitivaEsteraDetailsView">
            <Transition Name="TrConferma" Target="PartitivaEsteraInput"/>
        </Event>

		<Event Name="Delete">
            <Transition Name="TrConferma" Target="PartitivaEsteraModificaOrDeleteConferma"/>
        </Event>
        
        <Event Name="Annulla" Clear="SelectedPartitivaEsteraValidationView,pivaValId">
            <Transition Name="TrConferma" Target="Pop"/>
        </Event>
        
    </State>
    
     <State Name="PartitivaEsteraModificaConferma">
     	<Event Name="DefaultEvent" Retrieve="SelectedModifyPartitivaEsteraDetailsView,SelectedPartitivaEsteraValidationView" Default="true"/>
     	<Event Name="Conferma" Executer="it.sella.anagrafe.sm.partitaivaestero.PartitaivaEsteroModifyExecuter" Retrieve="SelectedModifyPartitivaEsteraDetailsView">
            <Transition Name="TrConferma" Target="PartitivaEsteraModificaOrDeleteConferma"/>
            <Transition Name="TrNonConferma" Target="PartitivaEsteraModificaConferma"/>
        </Event>
        
        <Event Name="Indietro">
            <Transition Name="TrConferma" Target="PartitivaEsteraSearchResult"/>
        </Event>
     </State>
     
     <State Name="PartitivaEsteraModificaOrDeleteConferma">
     	<Event Name="DefaultEvent" Retrieve="SelectedPartitivaEsteraValidationView,SelectedModifyPartitivaEsteraDetailsView" Default="true"/>
     	 <Event Name="Conferma" Executer="it.sella.anagrafe.sm.partitaivaestero.PartitaivaEsteroModifyOrDeleteConfermaExecuter"  Retrieve="SelectedPartitivaEsteraDetailslist">
            <Transition Name="TrConferma" Target="PartitivaEsteraInput"/>
            <Transition Name="TrNonConferma" Target="PartitivaEsteraModificaOrDeleteConferma"/>
        </Event>
        
        <Event Name="Indietro" Executer="it.sella.anagrafe.sm.partitaivaestero.PartitaivaEsteroIndietroExecuter">
            <Transition Name="TrConferma" Target="PartitivaEsteraSearchResult"/>
        </Event>

    </State>

    <State Name="PartitivaEsteraInsert">
        <Event Name="Conferma" Executer="it.sella.anagrafe.sm.partitaivaestero.PartitaivaEsteroInsertExecuter" Retrieve="SelectedPartitivaEsteraDetailslist">
            <Transition Name="TrConferma" Target="PartitivaEsteraInput"/>
            <Transition Name="TrNonConferma" Target="PartitivaEsteraInsert"/>
        </Event>
        <Event Name="Indietro" Executer="it.sella.anagrafe.sm.partitaivaestero.PartitaivaEsteroIndietroExecuter" Retrieve="SelectedPartitivaEsteraDetailslist">
            <Transition Name="TrConferma" Target="PartitivaEsteraInput"/>
            <Transition Name="TrNonConferma" Target="PartitivaEsteraInsert"/>
        </Event>
        <Event Name="Annulla">
            <Transition Name="TrConferma" Target="Pop"/>
        </Event>
    </State>

    <State Name="Pop" Final="true">
    </State>

</StateMachine>