<?xml version="1.0" encoding="UTF-8"?>
<!DOCTYPE StateMachine PUBLIC "-//SELLA//DTD StateMachine 1.0//EN" "StateMachine.dtd">

<StateMachine Name="PortafogliazioneClientelaCompAdmin" Secure="true">
<IOParams>
        <Input Params=""/>
        <Output Params=""/>
</IOParams>
	<Event Name="Default" Default="true" Executer="it.sella.anagrafe.sm.admin.portafogliazioneclientelaadmin.PortafogliazioneClientelaAdminDefaultExecuter">
            <Transition Name="TrConferma" Target="PortafogliazioneClientelaCompPage"/>
		    <Transition Name="TrNonConferma" Target="PortafogliazioneClientelaCompPage"/>
      </Event>
      <State Name="PortafogliazioneClientelaCompPage">
     <Event Name="DefaultEvent" Default="true" Retrieve=""></Event>
      <Event Name="UpdatePortafogliazioneClientela" Executer="it.sella.anagrafe.sm.admin.portafogliazioneclientelaadmin.PortafogliazioneClientelaUpdateExecuter">
            <Transition Name="TrConferma" Target="PortafogliazioneClientelaCompPage"/>
		    <Transition Name="TrNonConferma" Target="PortafogliazioneClientelaCompPage"/>
	  </Event>
	  <Event Name="Annulla" Clear="">
			<Transition Name="TrHomePage" Target="Pop"/>
        </Event>
    </State>
     <State Name="Pop" Final="true">
     </State>
</StateMachine>