<?xml version="1.0" encoding="UTF-8"?>

<!DOCTYPE StateMachine PUBLIC "-//SELLA//DTD StateMachine 1.0//EN" "StateMachine.dtd">

<StateMachine Name="PoteriFirmaDocAdmin" Secure="true">

	<State Name="PoteriFirmaDocInputPage" Default="true">
	    <Event Name="Search" Executer="it.sella.anagrafe.sm.admin.poterifirmadocadmin.PoteriFirmaDocSearchExecuter"  Retrieve="POTERIDOC_ADMIN">
	    	<Transition Name="TrConferma" Target="ElencoPoteriFirmaDocumentPage"/>
	    	<Transition Name="TrNonConferma" Target="PoteriFirmaDocInputPage"/>
	    </Event>
	    <Event Name="Annulla" Clear="POTERIDOC_ADMIN">
			<Transition Name="TrConferma" Target="Pop"/>
	    </Event>
	</State>
	
    <State Name="ElencoPoteriFirmaDocumentPage">
    	<Event Name="Add" Executer="it.sella.anagrafe.sm.admin.poterifirmadocadmin.PoteriFirmaDocumentAddExecuter" Retrieve="POTERIDOC_ADMIN">
    		<Transition Name="TrConferma" Target="PoteriFirmaAddDocumentDetailsPage"/>
      	</Event>
      	<Event Name="Modify" Executer="it.sella.anagrafe.sm.admin.poterifirmadocadmin.PoteriFirmaDocModificaExecuter" Retrieve="POTERIDOC_ADMIN">
      		<Transition Name="TrConferma" Target="PoteriFirmaDocumentModificaPage"/>
      		<Transition Name="TrNonConferma" Target="ElencoPoteriFirmaDocumentPage"/>
      	</Event>
      	<Event Name="Elimina" Executer="it.sella.anagrafe.sm.admin.poterifirmadocadmin.PoteriFirmaDocEliminaExecuter" Retrieve="POTERIDOC_ADMIN">
      		<Transition Name="TrConferma" Target="PoteriFirmDocConfermaPage"/>
      		<Transition Name="TrNonConferma" Target="ElencoPoteriFirmaDocumentPage"/>
      	</Event>
      	<Event Name="Indietro" Clear="POTERIDOC_ADMIN">
      		<Transition Name="TrConferma" Target="PoteriFirmaDocInputPage"/>
      	</Event>
      	<Event Name="Annulla" Clear="POTERIDOC_ADMIN">
      		<Transition Name="TrConferma" Target="Pop"/>
      	</Event>
    </State>
    
    <State Name="PoteriFirmaAddDocumentDetailsPage">
        <Event Name="Conferma" Executer="it.sella.anagrafe.sm.admin.poterifirmadocadmin.PoteriFirmaAddDetailsConfermaExecuter" Retrieve="POTERIDOC_ADMIN">
            <Transition Name="TrConferma" Target="PoteriFirmDocConfermaPage"/>
            <Transition Name="TrNonConferma" Target="PoteriFirmaAddDocumentDetailsPage"/>
        </Event>
        <Event Name="Indietro" Retrieve="POTERIDOC_ADMIN">
            <Transition Name="TrIndietro" Target="ElencoPoteriFirmaDocumentPage"/>
        </Event>
        <Event Name="Annulla" Clear="POTERIDOC_ADMIN">
            <Transition Name="TrAnnulla" Target="Pop"/>
        </Event>
    </State>
    
    <State Name="PoteriFirmaDocumentModificaPage">
        <Event Name="Conferma" Executer="it.sella.anagrafe.sm.admin.poterifirmadocadmin.PoteriFirmaModificaConfermaExecuter" Retrieve="POTERIDOC_ADMIN">
            <Transition Name="TrConferma" Target="PoteriFirmDocConfermaPage"/>
            <Transition Name="TrNonConferma" Target="PoteriFirmaDocumentModificaPage"/>
        </Event>
        <Event Name="Indietro" Retrieve="POTERIDOC_ADMIN">
            <Transition Name="TrIndietro" Target="ElencoPoteriFirmaDocumentPage"/>
        </Event>
        <Event Name="Annulla" Clear="POTERIDOC_ADMIN">
            <Transition Name="TrAnnulla" Target="Pop"/>
        </Event>
    </State>
    
    <State Name="PoteriFirmDocConfermaPage">
        <Event Name="Conferma" Executer="it.sella.anagrafe.sm.admin.poterifirmadocadmin.PoteriFirmaDocAdminConfermaExecuter" Retrieve="POTERIDOC_ADMIN">
            <Transition Name="TrConferma" Target="Pop"/>
            <Transition Name="TrNonConferma" Target="PoteriFirmDocConfermaPage"/>
        </Event>
        <Event Name="Indietro" Executer="it.sella.anagrafe.sm.admin.poterifirmadocadmin.PoteriFirmaDocIndietroExecuter" Retrieve="POTERIDOC_ADMIN">
            <Transition Name="TrAdd" Target="PoteriFirmaAddDocumentDetailsPage"/>
            <Transition Name="TrModifca" Target="PoteriFirmaDocumentModificaPage"/>
            <Transition Name="TrElimina" Target="ElencoPoteriFirmaDocumentPage"/>
        </Event>
        <Event Name="Annulla" Clear="POTERIDOC_ADMIN">
            <Transition Name="TrAnnulla" Target="Pop"/>
        </Event>
    </State>
    
    <State Name="Pop" Final="true">
  	</State>
    
</StateMachine>