<?xml version="1.0" encoding="UTF-8"?>

<!DOCTYPE StateMachine PUBLIC "-//SELLA//DTD StateMachine 1.0//EN" "StateMachine.dtd">

<StateMachine Name="PrivacyFiveLevelAdmin" Secure="true">

    <State Name="PrivacyFiveLevelHomePage" Default="true">
         <Event Name="Conferma" Executer="it.sella.anagrafe.sm.admin.PrivacyFiveLevelSearchExecuter" Retrieve="PrivacyFiveLevelAdmin">
            <Transition Name="TrConferma" Target="DettaglioPrivacyFiveLevel"/>
            <Transition Name="TrNonConferma" Target="PrivacyFiveLevelHomePage"/>
        </Event>
        <Event Name="Annulla" Clear="PrivacyFiveLevelAdmin">
            <Transition Name="TrAnnulla" Target="Pop"/>
        </Event> 
    </State>

     <State Name="DettaglioPrivacyFiveLevel">
         <Event Name="Conferma" Executer="it.sella.anagrafe.sm.admin.DettaglioPrivacyFiveLevelExecuter" Retrieve="PrivacyFiveLevelAdmin">
            <Transition Name="TrConferma" Target="PrivacyFiveLevelConferma"/>
            <Transition Name="TrNonConferma" Target="DettaglioPrivacyFiveLevel"/>
        </Event>
         <Event Name="Remove" Executer="it.sella.anagrafe.sm.admin.DettaglioPrivacyFiveLevelExecuter" Retrieve="PrivacyFiveLevelAdmin">
            <Transition Name="TrConferma" Target="PrivacyFiveLevelConferma"/>
            <Transition Name="TrNonConferma" Target="DettaglioPrivacyFiveLevel"/>
        </Event> 
        <Event Name="Indietro" Retrieve="PrivacyFiveLevelAdmin">
            <Transition Name="TrIndietro" Target="PrivacyFiveLevelHomePage"/>
        </Event>
        <Event Name="Annulla" Clear="PrivacyFiveLevelAdmin">
            <Transition Name="TrAnnulla" Target="Pop"/>
        </Event> 
    </State>

    <State Name="PrivacyFiveLevelConferma">
         <Event Name="Conferma" Executer="it.sella.anagrafe.sm.admin.PrivacyFiveLevelConfermaExecuter" Retrieve="PrivacyFiveLevelAdmin">
            <Transition Name="TrConferma" Target="Pop"/>
            <Transition Name="TrNonConferma" Target="PrivacyFiveLevelConferma"/>
        </Event>
        <Event Name="Indietro" Retrieve="PrivacyFiveLevelAdmin">
            <Transition Name="TrIndietro" Target="DettaglioPrivacyFiveLevel"/>
        </Event>
        <Event Name="Annulla" Clear="PrivacyFiveLevelAdmin">
            <Transition Name="TrAnnulla" Target="Pop"/>
        </Event>
    </State> 

    <State Name="Pop" Final="true">
    </State>

    <IOParams>
  <Input Params=""/>
 <Output Params=""/>
 </IOParams>

</StateMachine>
