<?xml version="1.0" encoding="UTF-8"?>

<!DOCTYPE StateMachine PUBLIC "-//SELLA//DTD StateMachine 1.0//EN" "StateMachine.dtd">

<StateMachine Name="ProfessioneAdmin" Secure="true">
    <IOParams>
        <Input Params=""/>
        <Output Params=""/>
    </IOParams>


    <State Name="ProfessioneAdminInput" Default="true">
		<Event Name="DefaultEvent" Retrieve="profesionelist" Default="true"/>
        <Event Name="SearchConferma" Executer="it.sella.anagrafe.sm.professioneadmin.ProfessioneSearchExecuter" Retrieve="SelectedBankProfessionelist,profesionelist">
            <Transition Name="TrConferma" Target="ProfessioneAdminInput"/>
            <Transition Name="TrNonConferma" Target="ProfessioneAdminInput"/>
        </Event>

        <Event Name="Indietro" Clear="SelectedBankProfessionelist">
            <Transition Name="TrConferma" Target="Pop"/>
        </Event>
        <Event Name="Insert">
            <Transition Name="TrConferma" Target="ProfessioneAdminInsert"/>
        </Event>
        
        <Event Name="Conferma">
            <Transition Name="TrConferma" Target="ProfessioneAdminSearchResult"/>
        </Event>

    </State>
   
    <State Name="ProfessioneAdminSearchResult" >
		<Event Name="DefaultEvent" Executer="it.sella.anagrafe.sm.professioneadmin.ProfessioneModifyOrDeleteSearchExecuter" Retrieve="SelectedCompProfessioneView,profesionelist,professioneId"  Default="true"/>
		<Event Name="Modifica">
            <Transition Name="TrConferma" Target="ProfessioneAdminModifica"/>
        </Event>

        <Event Name="Indietro" Executer="it.sella.anagrafe.sm.professioneadmin.ProfessioneIndietroExecuter" Retrieve="SelectedBankProfessionelist" Clear="SelectedModifyCompProfessioneView">
            <Transition Name="TrConferma" Target="ProfessioneAdminInput"/>
        </Event>

		<Event Name="Delete">
            <Transition Name="TrConferma" Target="ProfessioneAdminModificaOrDeleteConferma"/>
        </Event>
        
        <Event Name="Annulla" Clear="SelectedCompProfessioneView,professioneId">
            <Transition Name="TrConferma" Target="Pop"/>
        </Event>
        
    </State>
    
     <State Name="ProfessioneAdminModifica">
     	<Event Name="DefaultEvent" Retrieve="SelectedModifyCompProfessioneView,SelectedCompProfessioneView,profesionelist" Default="true"/>
     	<Event Name="Conferma" Executer="it.sella.anagrafe.sm.professioneadmin.ProfessioneModifyExecuter" Retrieve="SelectedBankProfessionelist,profesionelist">
            <Transition Name="TrConferma" Target="ProfessioneAdminModificaOrDeleteConferma"/>
            <Transition Name="TrNonConferma" Target="ProfessioneAdminModifica"/>
        </Event>
        
        <Event Name="Indietro" Clear="SelectedModifyCompProfessioneView">
            <Transition Name="TrConferma" Target="ProfessioneAdminSearchResult"/>
        </Event>
     </State>
     
     <State Name="ProfessioneAdminModificaOrDeleteConferma">
     	<Event Name="DefaultEvent" Retrieve="SelectedModifyCompProfessioneView,SelectedCompProfessioneView" Default="true"/>
     	 <Event Name="Conferma" Executer="it.sella.anagrafe.sm.professioneadmin.ProfessioneModifyOrDeleteConfermaExecuter"  Retrieve="SelectedBankProfessionelist">
            <Transition Name="TrConferma" Target="ProfessioneAdminInput"/>
            <Transition Name="TrNonConferma" Target="ProfessioneAdminModificaOrDeleteConferma"/>
        </Event>
        
        <Event Name="Indietro" Executer="it.sella.anagrafe.sm.professioneadmin.ProfessioneIndietroExecuter">
            <Transition Name="TrConferma" Target="ProfessioneAdminSearchResult"/>
        </Event>

    </State>

    <State Name="ProfessioneAdminInsert">
    	<Event Name="DefaultEvent" Executer="it.sella.anagrafe.sm.professioneadmin.ProfessioneInsertDefaultExecuter" Retrieve="profesionelist" Default="true"/>
        <Event Name="Conferma" Executer="it.sella.anagrafe.sm.professioneadmin.ProfessioneInsertExecuter" Retrieve="SelectedBankProfessionelist,profesionelist">
            <Transition Name="TrConferma" Target="ProfessioneAdminInput"/>
            <Transition Name="TrNonConferma" Target="ProfessioneAdminInsert"/>
        </Event>
        <Event Name="Indietro" Executer="it.sella.anagrafe.sm.professioneadmin.ProfessioneIndietroExecuter" Retrieve="profesionelist" Clear="SelectedBankProfessionelist,bankId,profClassficazioneId">
            <Transition Name="TrConferma" Target="ProfessioneAdminInput"/>
            <Transition Name="TrNonConferma" Target="ProfessioneAdminInsert"/>
        </Event>
        <Event Name="Annulla">
            <Transition Name="TrConferma" Target="Pop"/>
        </Event>
    </State>

    <State Name="Pop" Final="true">
    </State>

</StateMachine>