<?xml version="1.0" encoding="UTF-8"?>

<!DOCTYPE StateMachine PUBLIC "-//SELLA//DTD StateMachine 1.0//EN" "StateMachine.dtd">

<StateMachine Name="ProvinciaAdmin" Secure="true">

    <State Name="ProvinciaHomePage" Default="true">
        <Event Name="Conferma" Executer="it.sella.anagrafe.sm.admin.provincia.ProvinciaSearchExecuter" Retrieve="provinciaOldView">
            <Transition Name="TrConferma" Target="ProvinciaViewPage"/>
            <Transition Name="TrNonConferma" Target="ProvinciaHomePage"/>
        </Event>
        <Event Name="Annulla" >
            <Transition Name="TrConferma" Target="Pop"/>
        </Event>
        <Event Name="Insert">
            <Transition Name="TrConferma" Target="ProvinciaInsertPage"/>
        </Event>
    </State>

    <State Name="ProvinciaViewPage" >
        <Event Name="Conferma" Executer="it.sella.anagrafe.sm.admin.provincia.ProvinciaModifyExecuter" Retrieve="OPERATION,provinciaNewView,provinciaOldView" >
            <Transition Name="TrConferma" Target="ProvinciaConfermPage"/>
            <Transition Name="TrNonConferma" Target="ProvinciaViewPage"/>
        </Event>
        <Event Name="Indietro" Clear="provinciaOldView,provinciaNewView,OPERATION">
            <Transition Name="TrConferma" Target="ProvinciaHomePage"/>
        </Event>
        <Event Name="Annulla" Clear="provinciaOldView,provinciaNewView,OPERATION">
            <Transition Name="TrConferma" Target="Pop"/>
        </Event>
    </State>

    <State Name="ProvinciaInsertPage">
        <Event Name="Conferma" Executer="it.sella.anagrafe.sm.admin.provincia.ProvinciaInsertExecuter" Retrieve="OPERATION,provinciaNewView">
            <Transition Name="TrConferma" Target="ProvinciaConfermPage"/>
            <Transition Name="TrNonConferma" Target="ProvinciaInsertPage"/>
        </Event>
        <Event Name="Indietro"  Clear="provinciaOldView,provinciaNewView,OPERATION">
            <Transition Name="TrConferma" Target="ProvinciaHomePage"/>
        </Event>
        <Event Name="Annulla" Clear="provinciaOldView,provinciaNewView,OPERATION" >
            <Transition Name="TrConferma" Target="Pop"/>
        </Event>
    </State>

    <State Name="ProvinciaConfermPage">
        <Event Name="Conferma" Executer="it.sella.anagrafe.sm.admin.provincia.ProvinciaConfermaExecuter" Retrieve="OPERATION,provinciaNewView" >
            <Transition Name="TrConferma" Target="Pop"/>
            <Transition Name="TrNonConferma" Target="ProvinciaConfermPage"/>
        </Event>
        <Event Name="Indietro"
        	Executer="it.sella.anagrafe.sm.admin.provincia.ProvinciaIndietroExecuter"
        	Retrieve="provinciaOldView,provinciaNewView,OPERATION">
        	<Transition Name="TrModifica" Target="ProvinciaViewPage" />
        	<Transition Name="TrInsert" Target="ProvinciaInsertPage" />
        </Event>
        <Event Name="Annulla" Clear="provinciaOldView,provinciaNewView,OPERATION">
            <Transition Name="TrConferma" Target="Pop"/>
        </Event>
    </State>

    <State Name="Pop" Final="true">
    </State>

    <IOParams>
        <Input Params=""/>
        <Output Params=""/>
    </IOParams>

</StateMachine>