<?xml version="1.0" encoding="UTF-8"?>

<!DOCTYPE StateMachine PUBLIC "-//SELLA//DTD StateMachine 1.0//EN" "StateMachine.dtd">

<StateMachine Name="RamoAdmin" Secure="true">

	<State Name="RamoHomePage" Default="true">
		<Event Name="Conferma" Executer="it.sella.anagrafe.sm.admin.RamoRicercaExecuter" Retrieve="CODICEGRUPPO">
			<Transition Name="TrConferma" Target="RamoElencoPage"/>
			<Transition Name="TrNonConferma" Target="RamoHomePage"/>
        </Event>
		<Event Name="Add" Clear="OPERATION,CODICEGRUPPO">
			<Transition Name="TrConferma" Target="RamoInsertPage"/>
		</Event>
      	<Event Name="Annulla" Clear="OPERATION,CODICEGRUPPO">
			<Transition Name="TrConferma" Target="Pop"/>
		</Event>
	</State>
	
	<State Name="RamoInsertPage">
		<Event Name="Conferma" Executer="it.sella.anagrafe.sm.admin.RamoInsertExecuter" Retrieve="OPERATION,CODICEGRUPPO">
			<Transition Name="TrConferma" Target="RamoConfermaPage"/>
			<Transition Name="TrNonConferma" Target="RamoInsertPage"/>
        </Event>
		<Event Name="Indietro">
			<Transition Name="TrConferma" Target="RamoHomePage"/>
		</Event>
      	<Event Name="Annulla" Clear="OPERATION,CODICEGRUPPO">
			<Transition Name="TrConferma" Target="Pop"/>
		</Event>
	</State>
	
	<State Name="RamoElencoPage">
		<Event Name="Modifica" Executer="it.sella.anagrafe.sm.admin.RamoDetailsExecuter" Retrieve="CODICEGRUPPO">
			<Transition Name="TrConferma" Target="RamoDetailsPage"/>
			<Transition Name="TrNonConferma" Target="RamoElencoPage"/>
        </Event>
		<Event Name="Indietro" Retrieve="CODICEGRUPPO">
			<Transition Name="TrConferma" Target="RamoHomePage"/>
		</Event>
      	<Event Name="Annulla" Clear="OPERATION,CODICEGRUPPO">
			<Transition Name="TrConferma" Target="Pop"/>
		</Event>
	  	<Event Name="Elimina" Executer="it.sella.anagrafe.sm.admin.RamoDetailsExecuter" Retrieve="OPERATION,CODICEGRUPPO">
			<Transition Name="TrConferma" Target="RamoConfermaPage"/>
		</Event>
	</State>
	
	<State Name="RamoDetailsPage">
		<Event Name="Conferma" Executer="it.sella.anagrafe.sm.admin.RamoDetailsConfermaExecuter" Retrieve="OPERATION,CODICEGRUPPO">
			<Transition Name="TrConferma" Target="RamoConfermaPage"/>
			<Transition Name="TrNonConferma" Target="RamoDetailsPage"/>
        </Event>
		<Event Name="GoToRicerca" Executer="it.sella.anagrafe.sm.admin.RamoIndietroExecuter" Retrieve="CODICEGRUPPO">
		    <Transition Name="TrRicerca" Target="RamoElencoPage"/>
            <Transition Name="TrNonConferma" Target="RamoDetailsPage"/>
        </Event>
      	<Event Name="Annulla" Clear="OPERATION,CODICEGRUPPO">
			<Transition Name="TrConferma" Target="Pop"/>
		</Event>
	</State>
	
	<State Name="RamoConfermaPage">
		<Event Name="Indietro" Executer="it.sella.anagrafe.sm.admin.RamoIndietroExecuter" Retrieve="CODICEGRUPPO">
            <Transition Name="TrModifica" Target="RamoDetailsPage"/>
            <Transition Name="TrInserto" Target="RamoInsertPage"/>
            <Transition Name="TrRicerca" Target="RamoElencoPage"/>
        </Event>
       <Event Name="Conferma" Executer="it.sella.anagrafe.sm.admin.RamoConfermaExecuter" Retrieve="OPERATION,CODICEGRUPPO">
			<Transition Name="TrConferma" Target="Pop"/>
			<Transition Name="TrNonConferma" Target="RamoConfermaPage"/>
        </Event>
      	<Event Name="Annulla" Clear="OPERATION,CODICEGRUPPO">
			<Transition Name="TrConferma" Target="Pop"/>
		</Event>
	</State>
	
	<State Name="Pop" Final="true">
    
    </State>

    <IOParams>
        <Input Params=""/>
        <Output Params=""/>
    </IOParams>

</StateMachine>