<?xml version="1.0" encoding="UTF-8"?>

<!DOCTYPE StateMachine PUBLIC "-//SELLA//DTD StateMachine 1.0//EN" "StateMachine.dtd">

<StateMachine Name="RamoClasseAdmin" Secure="true">

	<State Name="RamoClasseHomePage" Default="true">
		<Event Name="Conferma" Executer="it.sella.anagrafe.sm.admin.RamoClasseRicercaExecuter" Retrieve="RAMOCLASSEDETAILS">
			<Transition Name="TrConferma" Target="RamoClasseElencoPage"/>
			<Transition Name="TrNonConferma" Target="RamoClasseHomePage"/>
        </Event>
		<Event Name="Add" Executer="it.sella.anagrafe.sm.admin.RamoClasseHomeAddExecuter" Retrieve="RAMOCLASSEDETAILS">
			<Transition Name="TrConferma" Target="RamoClasseInsertPage"/>
			<Transition Name="TrNonConferma" Target="RamoClasseHomePage"/>
		</Event>
      	<Event Name="Annulla" Clear="RAMOCLASSEDETAILS">
			<Transition Name="TrConferma" Target="Pop"/>
		</Event>
	</State>
	<State Name="RamoClasseInsertPage">
		<Event Name="Conferma" Executer="it.sella.anagrafe.sm.admin.RamoClasseInsertoExecuter" Retrieve="RAMOCLASSEDETAILS">
			<Transition Name="TrConferma" Target="RamoClasseConfermaPage"/>
			<Transition Name="TrNonConferma" Target="RamoClasseInsertPage"/>
        </Event>
		<Event Name="Indietro" Clear="RAMOCLASSEDETAILS">
			<Transition Name="TrConferma" Target="RamoClasseHomePage"/>
		</Event>
      	<Event Name="Annulla" Clear="RAMOCLASSEDETAILS">
			<Transition Name="TrConferma" Target="Pop"/>
		</Event>
	</State>
	<State Name="RamoClasseElencoPage">
		<Event Name="Indietro" Clear="RAMOCLASSEDETAILS">
			<Transition Name="TrConferma" Target="RamoClasseHomePage"/>
		</Event>
      	<Event Name="Annulla" Clear="RAMOCLASSEDETAILS">
			<Transition Name="TrConferma" Target="Pop"/>
		</Event>
	  	<Event Name="Elimina" Executer="it.sella.anagrafe.sm.admin.RamoClasseElencoEliminaExecuter" Retrieve="RAMOCLASSEDETAILS">
			<Transition Name="TrConferma" Target="RamoClasseConfermaPage"/>
			<Transition Name="TrNonConferma" Target="RamoClasseElencoPage"/>
		</Event>
	</State>
	<State Name="RamoClasseConfermaPage">
		<Event Name="Indietro" Executer="it.sella.anagrafe.sm.admin.RamoClasseConfermaIndietroExecuter" Retrieve="RAMOCLASSEDETAILS">
            <Transition Name="TrInsert" Target="RamoClasseInsertPage"/>
            <Transition Name="TrElecno" Target="RamoClasseElencoPage"/>
            <Transition Name="TrNonConferma" Target="RamoClasseConfermaPage"/>
        </Event>
       <Event Name="Conferma" Executer="it.sella.anagrafe.sm.admin.RamoClasseConfermaExecuter" Retrieve="RAMOCLASSEDETAILS">
			<Transition Name="TrConferma" Target="Pop"/>
			<Transition Name="TrNonConferma" Target="RamoClasseConfermaPage"/>
        </Event>
      	<Event Name="Annulla" Clear="RAMOCLASSEDETAILS">
			<Transition Name="TrConferma" Target="Pop"/>
		</Event>
	</State>
	<State Name="Pop" Final="true">
    
    </State>

    <IOParams>
        <Input Params=""/>
        <Output Params=""/>
    </IOParams>
   
</StateMachine>