<?xml version="1.0" encoding="UTF-8"?>

<!DOCTYPE StateMachine PUBLIC "-//SELLA//DTD StateMachine 1.0//EN" "StateMachine.dtd">

<StateMachine Name="RecapitiAdmin" Secure="true">

    <State Name="RecapitiHomePage" Default="true">
        <Event Name="Conferma" Executer="it.sella.anagrafe.sm.admin.RecapitiSearchExecuter" 
        		Retrieve="recapitiTable">
            <Transition Name="TrConferma" Target="ElencoRecapiti"/>
            <Transition Name="TrNonConferma" Target="RecapitiHomePage"/>
        </Event>
        <Event Name="Add" Store="OPERATION" Retrieve="OPERATION">
            <Transition Name="TrConferma" Target="DettaglioRecapiti"/>
        </Event>
        <Event Name="Annulla" Clear="recapitiTable,recapitiDetails,newRecapitiDetails,OPERATION">
            <Transition Name="TrAnnulla" Target="Pop"/>
        </Event>
    </State>

    <State Name="ElencoRecapiti">
        <Event Name="Add" Store="OPERATION" Retrieve="recapitiTable,OPERATION">
            <Transition Name="TrConferma" Target="DettaglioRecapiti"/>
        </Event>
        <Event Name="Modifica" Executer="it.sella.anagrafe.sm.admin.RecapitiModificaEliminaExecuter" Retrieve="recapitiTable,OPERATION">
            <Transition Name="TrConferma" Target="DettaglioRecapiti"/>
            <Transition Name="TrNonConferma" Target="ElencoRecapiti"/>
        </Event>
        <Event Name="Elimina" Executer="it.sella.anagrafe.sm.admin.RecapitiModificaEliminaExecuter" Retrieve="recapitiTable,recapitiDetails,OPERATION">
            <Transition Name="TrConferma" Target="RecapitiConferma"/>
            <Transition Name="TrNonConferma" Target="ElencoRecapiti"/>
        </Event>
        <Event Name="Indietro" Retrieve="recapitiTable">
            <Transition Name="TrIndietro" Target="RecapitiHomePage"/>
        </Event>
        <Event Name="Annulla" Clear="recapitiTable,recapitiDetails,newRecapitiDetails,OPERATION">
            <Transition Name="TrAnnulla" Target="Pop"/>
        </Event>
    </State>

    <State Name="DettaglioRecapiti">
        <Event Name="Conferma" Executer="it.sella.anagrafe.sm.admin.DettaglioRecapitiExecuter" Retrieve="recapitiTable,recapitiDetails,newRecapitiDetails,OPERATION">
            <Transition Name="TrConferma" Target="RecapitiConferma"/>
            <Transition Name="TrNonConferma" Target="DettaglioRecapiti"/>
        </Event>
        <Event Name="Indietro" Retrieve="recapitiTable">
            <Transition Name="TrIndietro" Target="ElencoRecapiti"/>
        </Event>
         <Event Name="IndietroHome" Clear="recapitiTable,recapitiDetails,newRecapitiDetails,OPERATION">
            <Transition Name="TrIndietro" Target="RecapitiHomePage"/>
        </Event>
        <Event Name="Annulla" Clear="recapitiTable,recapitiDetails,newRecapitiDetails,OPERATION">
            <Transition Name="TrAnnulla" Target="Pop"/>
        </Event>
    </State>

    <State Name="RecapitiConferma">
        <Event Name="Conferma" Executer="it.sella.anagrafe.sm.admin.RecapitiConfermaExecuter" Retrieve="recapitiTable,recapitiDetails,OPERATION">
            <Transition Name="TrConferma" Target="Pop"/>
            <Transition Name="TrNonConferma" Target="RecapitiConferma"/>
        </Event>
        <Event Name="Indietro" Executer="it.sella.anagrafe.sm.admin.RecapitiIndietroExecuter" Retrieve="recapitiTable,recapitiDetails,newRecapitiDetails,OPERATION">
            <Transition Name="TrIndietro" Target="DettaglioRecapiti"/>
            <Transition Name="TrEliminaIndietro" Target="ElencoRecapiti"/>
        </Event>
        <Event Name="Annulla" Clear="recapitiTable,recapitiDetails,newRecapitiDetails,OPERATION">
            <Transition Name="TrAnnulla" Target="Pop"/>
        </Event>
    </State>

    <State Name="Pop" Final="true">
    </State>

    <IOParams>
	  <Input Params=""/>
	  <Output Params=""/>
  	</IOParams>

</StateMachine>
