<?xml version="1.0" encoding="UTF-8"?>
<StateMachine Name="RegioneAdmin" Secure="true">

<State Name="Regione" Default="true">
	<Event Name="Conferma" Executer="it.sella.anagrafe.sm.admin.Regione.RegioneSearchExecuter" Retrieve="region">
		<Transition Name="TrConferma" Target="ModifyRegione"/>
		<Transition Name="TrNonConferma" Target="Regione"/>
		<Transition Name="TrAnnulla" Target="Pop"/>
	</Event>
	<Event Name="Insert" >
		<Transition Name="TrConferma" Target="InsertRegione"/>
	</Event>
	<Event Name="Annulla" Clear="region">
		<Transition Name="TrAnnulla" Target="Pop"/>
	</Event>
</State>

<State Name="InsertRegione">
	<Event Name="Conferma" Executer="it.sella.anagrafe.sm.admin.Regione.RegioneLoadExecuter" Retrieve="region">
		<Transition Name="TrConferma" Target="Regione"/>
		<Transition Name="TrNonConferma" Target="InsertRegione"/>
	</Event>
	<Event Name="Indietro" Clear="region">
        <Transition Name="TrIndietro" Target="Regione"/>
    </Event>
	<Event Name="Annulla" Clear="region">
		<Transition Name="TrAnnulla" Target="Pop"/>
	</Event>
</State>

<State Name="ModifyRegione">
	<Event Name="Conferma" Executer="it.sella.anagrafe.sm.admin.Regione.RegioneLoadExecuter" Retrieve="region,modifiedRegione">
		<Transition Name="TrConferma" Target="ModifyConfirmRegione"/>
		<Transition Name="TrNonConferma" Target="ModifyRegione"/>
	</Event>
	<Event Name="Indietro" Clear="region">
        <Transition Name="TrIndietro" Target="Regione"/>
    </Event>
	<Event Name="Annulla" Clear="region">
		<Transition Name="TrAnnulla" Target="Pop"/>
	</Event>
	<Event Name="Delete" Retrieve="region">
		<Transition Name="TrConferma" Target="RegioneConfirm"/>
	</Event>
</State>

<State Name="ModifyConfirmRegione">
	<Event Name="Conferma" Executer="it.sella.anagrafe.sm.admin.Regione.RegioneUpdateExecuter">
		<Transition Name="TrConferma" Target="Regione"/>
		<Transition Name="TrNonConferma" Target="ModifyConfirmRegione"/>
	</Event>
	<Event Name="Indietro" Retrieve="region,modifiedRegione">
        <Transition Name="TrIndietro" Target="ModifyRegione"/>
    </Event>
	<Event Name="Annulla" Clear="region">
		<Transition Name="TrAnnulla" Target="Pop"/>
	</Event>
</State>

<State Name="RegioneConfirm">
	<Event Name="Conferma" Executer="it.sella.anagrafe.sm.admin.Regione.RemoveRegioneExecuter" Retrieve="region">
		<Transition Name="TrConferma" Target="Regione"/>
		<Transition Name="TrNonConferma" Target="RegioneConfirm"/>
	</Event>
	<Event Name="Indietro" Retrieve="region">
        <Transition Name="TrIndietro" Target="ModifyRegione"/>
    </Event>
	<Event Name="Annulla" Clear="region">
		<Transition Name="TrAnnulla" Target="Pop"/>
	</Event>
</State>

<State Name="Pop" Final="true">
</State>

</StateMachine>