<?xml version="1.0" encoding="UTF-8"?>
<!DOCTYPE StateMachine PUBLIC "-//SELLA//DTD StateMachine 1.0//EN" "StateMachine.dtd">
<StateMachine Name="RicercaPF" Secure="true">

   <Event Name="DefaultEvent" Default="true" Executer="it.sella.anagrafe.sm.censimentopf.DefaultEventExecuter" Retrieve="ShowCodiceFields,MOTIVI">
      <Transition Name="TrConferma" Target="RicercaPersonaFisica"/>
      <Transition Name="TrIntermediate" Target="IntermediateSearch"/>
      <Transition Name="TrNonDisponibilita" Target="NonDisponibilitaErrorPage"/>
  </Event>
  <State Name="NonDisponibilitaErrorPage">
     <Event Name="Annulla">
         <Transition Name="TrConferma" Target="Pop"/>
     </Event>
 </State>
  <State Name="RicercaPersonaFisica">
      <Event Name="Conferma" Store="txtNome,txtCognome,SelNazione,SelMultipleCitta,txtCitta,txtDay,selMonth,txtYear,txtPreviousEnteredCitta,CodiceFiscale,sesso,CodAndSessoShown,cerved">
	      <Transition Name="TrConferma" Target="IntermediateSearch"/>
      </Event>
      <Event Name="GeograficaRicerca" Executer="it.sella.anagrafe.sm.censimentopf.RicercaPFGeograficaRicercaExecuter">
          <Transition Name="TrRicerca" Type="Push" Application="GeograficaRicerca" InputParams="OPERATION,OPERATION_NAME" OutputParams="GEOGRAFICA_ID" Target="ReloadRicercaPersonaFisica"/>
      </Event>
      <Event Name="Annulla">
          <Transition Name="TrConferma" Target="Pop"/>
      </Event>
  </State>

  <State Name="ReloadRicercaPersonaFisica">
      <Event Name="Default" Default="true" Executer="it.sella.anagrafe.sm.censimentopf.RicercaPFReloadExecuter" Retrieve="ShowCodiceFields,MOTIVI">
          <Transition Name="TrConferma" Target="RicercaPersonaFisica"/>
      </Event>
  </State>

  <State Name="IntermediateSearch" >
      <Event Name="DefaultConferma" Default="true" Executer="it.sella.anagrafe.sm.censimentopf.RicercaPFExecuter" Retrieve="ShowCodiceFields,MOTIVI">
          <Transition Name="TrNonConfrema" Target="RicercaPersonaFisica"/>
          <Transition Name="TrConfrema" Target="ElencoPersonaFisica"/>
          <Transition Name="TrCSSERicerca" Type="Push" Application="SMCSSERicercaList" InputParams="nome,cognome" OutputParams="cssestatus,message,csseResultMap" Target="IntermediateCSSESearch"/>
      </Event>
  </State>

  <State Name="IntermediateCSSESearch" >
      <Event Name="DefaultConferma" Default="true" Executer="it.sella.anagrafe.sm.censimentopf.RicercaPFCSSEExecuter" Retrieve="ShowCodiceFields,MOTIVI">
          <Transition Name="TrNonConferma" Target="RicercaPersonaFisica"/>
          <Transition Name="TrCensimentoPF" Target="Pop"/>
      </Event>
  </State>

  <State Name="ElencoPersonaFisica" >
      <Event Name="Non Trovato" Executer="it.sella.anagrafe.sm.censimentopf.NonTrovatoPFExecuter" Retrieve="ShowCodiceFields,MOTIVI">
          <Transition Name="TrNonConferma" Target="RicercaPersonaFisica"/>
          <Transition Name="TrCSSERicerca" Type="Push" Application="SMCSSERicercaList" InputParams="nome,cognome" OutputParams="cssestatus,message,csseResultMap" Target="IntermediateCSSESearch"/>
      </Event>
      <Event Name="Dettagli" Executer="it.sella.anagrafe.sm.censimentopf.DettagliPFExecuter">
          <Transition Name="TrConfrema" Target="DettaglioPersonaFisica"/>
          <Transition Name="TrNonConferma" Target="ElencoPersonaFisica"/>
      </Event>
      <Event Name="Trovato" Executer="it.sella.anagrafe.sm.censimentopf.TrovatoPFExecuter">
    	  <Transition Name="CensimentoPF" Target="Pop"/>
          <Transition Name="TrNonConferma" Target="ElencoPersonaFisica"/>
      </Event>
      <Event Name="Next" Executer="it.sella.anagrafe.sm.censimentopf.SearchPFExecuter">
          <Transition Name="TrConfrema" Target="ElencoPersonaFisica"/>
      </Event>
      <Event Name="RicercaIndietro" Executer="it.sella.anagrafe.sm.censimentopf.CensimentoPFIndietroExecuter" Retrieve="ShowCodiceFields,MOTIVI">
          <Transition Name="TrIndietro" Target="RicercaPersonaFisica"/>
      </Event>
  </State>

  <State Name="Pop" Final="true">
  </State>

  <State Name="DettaglioPersonaFisica">
      <Event Name="Conferma" Executer="it.sella.anagrafe.sm.censimentopf.DettaglioConfermaPFExecuter">
      	  <Transition Name="TrNonConferma" Target="DettaglioPersonaFisica"/>
          <Transition Name="CensimentoPF" Target="Pop"/>
      </Event>
      <Event Name="Annulla" Executer="it.sella.anagrafe.sm.censimentopf.SearchPFExecuter">
	  <Transition Name="TrConfrema" Target="ElencoPersonaFisica"/>
      </Event>
  </State>

	<IOParams>
		<Input Params=""/>
		<Input Params="CodiceAndSesso:String,MOTIVI:java.util.Collection"/>
     	<Input Params="RICERCA_FOR_PFCOLLEGATE_DETAILS:java.util.Hashtable,RIC_COLL_PF:String,MOTIVI:java.util.Collection"/>
     	<Input Params="Nome:String,Cognome:String,Day:String,Month:String,Year:String,RICERCA_PL:String,CENSIMENTOPF_ISFORPL:String,MOTIVI:java.util.Collection"/>
     	<Input Params="RICERCA_AZ:String,RICERCA_FOR_AZ_DETAILS:java.util.Hashtable,MOTIVI:java.util.Collection"/>
     	<Input Params="RICERCA_FOR_PFCOLLEGATE_DETAILS:java.util.Hashtable,RIC_COLL_PF:String,CodiceAndSesso:String"/>
     	<Input Params="Nome:String,Cognome:String,Day:String,Month:String,Year:String,RICERCA_PL:String,CENSIMENTOPF_ISFORPL:String,CodiceAndSesso:String"/>
     	<Input Params="RICERCA_AZ:String,RICERCA_FOR_AZ_DETAILS:java.util.Hashtable,CodiceAndSesso:String"/>
		
		<!-- The following state to added one more input param RicercaHomePageLabel to display label in RicercaHomepage -->
		<Input Params="RicercaHomePageLabel:String"/>
		<Input Params="CodiceAndSesso:String,MOTIVI:java.util.Collection,RicercaHomePageLabel:String"/>
     	<Input Params="RICERCA_FOR_PFCOLLEGATE_DETAILS:java.util.Hashtable,RIC_COLL_PF:String,MOTIVI:java.util.Collection,RicercaHomePageLabel:String"/>
     	<Input Params="Nome:String,Cognome:String,Day:String,Month:String,Year:String,RICERCA_PL:String,CENSIMENTOPF_ISFORPL:String,MOTIVI:java.util.Collection,RicercaHomePageLabel:String"/>
     	<Input Params="RICERCA_AZ:String,RICERCA_FOR_AZ_DETAILS:java.util.Hashtable,MOTIVI:java.util.Collection,RicercaHomePageLabel:String"/>
     	<Input Params="RICERCA_FOR_PFCOLLEGATE_DETAILS:java.util.Hashtable,RIC_COLL_PF:String,CodiceAndSesso:String,RicercaHomePageLabel:String"/>
     	<Input Params="Nome:String,Cognome:String,Day:String,Month:String,Year:String,RICERCA_PL:String,CENSIMENTOPF_ISFORPL:String,CodiceAndSesso:String,RicercaHomePageLabel:String"/>
     	<Input Params="RICERCA_AZ:String,RICERCA_FOR_AZ_DETAILS:java.util.Hashtable,CodiceAndSesso:String,RicercaHomePageLabel:String"/>

		<Output Params="Soggetto_Id:Long,CensimentoPF:java.util.Hashtable,transitionname:String,executername:String,STATO:String,MOTIVI:java.util.Collection"/>
	</IOParams>
  <!--,ricercapfexecuterdetails:java.util.Hashtable-->

</StateMachine>
