<?xml version="1.0" encoding="UTF-8"?>

<!DOCTYPE StateMachine PUBLIC "-//SELLA//DTD StateMachine 1.0//EN" "StateMachine.dtd">

<StateMachine Name="RicercaVariazioneCliente" Secure="true">

	<State Name="RicercaVariazioneClienteInput" Default="true">
		<Event Name="Conferma" Executer="it.sella.anagrafe.sm.ricercavariazionecliente.RicercaVariazioneClienteDefaultExecuter">
			<Transition Name="TrConferma" Type="Push" Application="VariazioneCliente" InputParams="idSoggetto" OutputParams=""  Target="Dummy"/>
	        <Transition Name="TrNonConferma" Target="RicercaVariazioneClienteInput"/>
		</Event>
		<Event Name="Indietro" Clear="idSoggetto">
			<Transition Name="TrConferma" Target="Pop"/>
		</Event>
	</State>

	<State Name="Dummy">
		<Event Name="DefaultEvent" Default="true">
			<Transition Name="TrConferma" Target="RicercaVariazioneClienteInput"/>
		</Event>
	</State>

	<State Name="Pop" Final="true">
  	</State>
</StateMachine>
