<?xml version="1.0" encoding="UTF-8"?>
<!DOCTYPE StateMachine PUBLIC "-//SELLA//DTD StateMachine 1.0//EN" "StateMachine.dtd">
<StateMachine Name="RicercaAZ" Secure="true">

    <Event Name="DefaultEvent" Default="true" Retrieve="MOTIVI" Executer="it.sella.anagrafe.sm.censimentoaz.DefaultEventExecuter">
        <Transition Name="TrConferma" Target="RicercaAzienda"/>
        <Transition Name="TrSellaLife" Target="RicercaAziendaForSellaLife"/>
        <Transition Name="TrNonDisponibilita" Target="NonDisponibilitaErrorPage"/>
    </Event>
	<State Name="NonDisponibilitaErrorPage">
      <Event Name="Annulla">
         <Transition Name="TrConferma" Target="Pop"/>
      </Event>
 	 </State>
	<State Name="RicercaAzienda">
		<Event Name="DefaultEvent" Retrieve="Anagrafe_az" Default="true"/>
		<Event Name="Conferma" Retrieve="MOTIVI" Executer="it.sella.anagrafe.sm.censimentoaz.RicercaExecuter">
			<Transition Name="TrNonConferma" Target="RicercaAzienda"/>
			<Transition Name="TrConferma" Target="ElencoAziende"/>
			<Transition Name="TrCSSERicerca" Type="Push" Application="SMCSSERicercaList" InputParams="denominazione" OutputParams="cssestatus,message,csseResultMap" Target="IntermediateCSSESearch"/>
		</Event>
		<Event Name="GeograficaRicerca" Executer="it.sella.anagrafe.sm.censimentoaz.RicercaAZGeograficaRicercaExecuter" Retrieve="MOTIVI">
          <Transition Name="TrRicerca" Type="Push" Application="GeograficaRicerca" InputParams="OPERATION,OPERATION_NAME" OutputParams="GEOGRAFICA_ID" Target="ReloadRicercaAzienda"/>
       </Event>
        <Event Name="Annulla">
                <Transition Name="TrAnnulla" Target="Pop"/>
        </Event>
	</State>
	<State Name="RicercaAziendaForSellaLife">
		<Event Name="Conferma" Retrieve="MOTIVI" Executer="it.sella.anagrafe.sm.censimentoaz.RicercaExecuter">
			<Transition Name="TrNonConferma" Target="RicercaAziendaForSellaLife"/>
			<Transition Name="TrConferma" Target="ElencoAziende"/>
		</Event>
        <Event Name="Annulla">
                <Transition Name="TrAnnulla" Target="Pop"/>
        </Event>
	</State>

    <State Name="IntermediateCSSESearch" >
        <Event Name="DefaultConferma" Default="true" Executer="it.sella.anagrafe.sm.censimentoaz.RicercaAZCSSEExecuter">
            <Transition Name="TrNonConferma" Target="RicercaAzienda"/>
            <Transition Name="TrCensimentoAZ" Target="Pop"/>
        </Event>
    </State>

	<State Name="ElencoAziende">
		<Event Name="Non Trovato" Retrieve="MOTIVI,Anagrafe_az" Executer="it.sella.anagrafe.sm.censimentoaz.NonTrovatoExecuter">
			<Transition Name="TrNonConferma" Target="RicercaAzienda"/>
			<Transition Name="TrNonConfermaForSellaLife" Target="RicercaAziendaForSellaLife"/>
			<Transition Name="TrHomePageForSellaLife"  Target="Pop"/>
			<Transition Name="TrCSSERicerca" Type="Push" Application="SMCSSERicercaList" InputParams="denominazione" OutputParams="cssestatus,message,csseResultMap" Target="IntermediateCSSESearch"/>
		</Event>
		<Event Name="Next" Executer="it.sella.anagrafe.sm.censimentoaz.ForwardingExecuter">
			<Transition Name="TrConferma" Target="ElencoAziende"/>
		</Event>
		<Event Name="Dettagli" Executer="it.sella.anagrafe.sm.censimentoaz.DettagliExecuter">
			<Transition Name="TrConferma" Target="DettaglioAzienda"/>
			<Transition Name="TrNonConferma" Target="ElencoAziende"/>
		</Event>
		<Event Name="Trovato" Executer="it.sella.anagrafe.sm.censimentoaz.TrovatoExecuter">
			<Transition Name="CensimentoAZ" Target="Pop"/>
			<Transition Name="TrCensimentoAZForSellaLife" Type="Push" Application="CensimentoAZ" InputParams="AziendaSoggettoIdStr" OutputParams=""  Target="Pop"/>
			<Transition Name="TrNonConferma" Target="ElencoAziende"/>
		</Event>
        <Event Name="RicercaIndietro" Retrieve="MOTIVI" Executer="it.sella.anagrafe.sm.censimentoaz.CensimentoAZIndietroExecuter">
            <Transition Name="TrIndietro" Target="RicercaAzienda" />
            <Transition Name="TrIndietroForSellaLife" Target="RicercaAziendaForSellaLife" />
        </Event>
	</State>
	<State Name="IntermediateSellaLife" >
    	<Event Name="Default" Default="true"   Clear="AziendaSoggettoIdStr">
        	<Transition Name="TrConferma" Target="Pop"/>
        </Event>
	</State>
	<State Name="Pop" Final="true">
	</State>

	<State Name="DettaglioAzienda">
		<Event Name="Conferma" Executer="it.sella.anagrafe.sm.censimentoaz.DettaglioAZExecuter">
			<Transition Name="CensimentoAZ" Target="Pop"/>
            <Transition Name="TrNonConferma" Target="DettaglioAzienda"/>
		</Event>
		<Event Name="Annulla" Executer="it.sella.anagrafe.sm.censimentoaz.DettaglioAZExecuter">
			<Transition Name="Annulla" Target="ElencoAziende"/>
		</Event>
	</State>
	
	<State Name="ReloadRicercaAzienda">
      <Event Name="Default" Default="true" Executer="it.sella.anagrafe.sm.censimentoaz.RicercaAZReloadExecuter" Retrieve="MOTIVI">
          <Transition Name="TrConferma" Target="RicercaAzienda"/>
      </Event>
  	</State>

    <IOParams>
    	<Input Params=""/>
    	<Input Params="isFromSellaLifeSM:java.lang.Boolean"/>
    	<Input Params="MOTIVI:java.util.Collection"/>
    	<Input Params="RicercaHomePageLabel:String"/>
    	<Input Params="MOTIVI:java.util.Collection,RicercaHomePageLabel:String"/>
    	<Output Params="aziendatransitionname:String,MOTIVI:java.util.Collection,AziendaSoggettoId:Long,Anagrafe_az:java.util.Hashtable"/>
    </IOParams>

</StateMachine>

