<?xml version="1.0" encoding="UTF-8"?>
<!DOCTYPE StateMachine PUBLIC "-//SELLA//DTD StateMachine 1.0//EN" "StateMachine.dtd">
<StateMachine Name="RicercaPFOperatore" Secure="true">

   <IOParams>
   <Input Params=""/>
   <Output Params="SOGGETTO_ID:Long"/>
   </IOParams>

    <Event Name="DefaultEvent" Default="true" Executer="it.sella.anagrafe.sm.ricercapfOperatore.RicercaPFOperatoreDefaultExecuter">
      <Transition Name="TrConferma" Target="RicercaPersonaFisica"/>
  </Event>

  <State Name="RicercaPersonaFisica">
      <Event Name="Conferma" Executer="it.sella.anagrafe.sm.ricercapfOperatore.RicercaPFOperatoreRicercaExecuter">
	      <Transition Name="TrConferma" Target="ElencoPersonaFisica"/>
	      <Transition Name="TrNonConferma" Target="RicercaPersonaFisica"/>
      </Event>
      <Event Name="Annulla" Clear="RICERCAPF_DETAILS">
          <Transition Name="TrAnnulla" Target="Pop"/>
      </Event>
  </State>


  <State Name="ElencoPersonaFisica" >
      <Event Name="Dettagli" Executer="it.sella.anagrafe.sm.ricercapfOperatore.RicercaPFOperatoreDettagliExecuter">
          <Transition Name="TrConferma" Target="DettaglioPersonaFisica"/>
          <Transition Name="TrNonConferma" Target="ElencoPersonaFisica"/>
      </Event>
      <Event Name="Conferma" Executer="it.sella.anagrafe.sm.ricercapfOperatore.RicercaPFOperatoreConfermaExecuter" Clear="RICERCAPF_DETAILS">
          <Transition Name="TrConferma" Target="Pop"/>
      </Event>
      <Event Name="Next" Executer="it.sella.anagrafe.sm.ricercapfOperatore.RicercaPFOperatoreNextExecuter">
          <Transition Name="TrConferma" Target="ElencoPersonaFisica"/>
      </Event>
      <Event Name="ElencoIndietro" Executer="it.sella.anagrafe.sm.ricercapfOperatore.RicercaPFOperatoreIndietroExecuter">
          <Transition Name="TrIndietro" Target="RicercaPersonaFisica"/>
      </Event>
      <Event Name="Annulla" Clear="RICERCAPF_DETAILS">
          <Transition Name="TrAnnulla" Target="Pop"/>
      </Event>
  </State>

  <State Name="DettaglioPersonaFisica">
      <Event Name="Conferma" Executer="it.sella.anagrafe.sm.ricercapfOperatore.RicercaPFOperatoreConfermaExecuter" Clear="RICERCAPF_DETAILS">
          <Transition Name="TrConferma" Target="Pop"/>
      </Event>
      <Event Name="Annulla" Clear="RICERCAPF_DETAILS">
    	  <Transition Name="TrAnnulla" Target="Pop"/>
      </Event>
      <Event Name="Indietro" Executer="it.sella.anagrafe.sm.ricercapfOperatore.RicercaPFOperatoreIndietroExecuter">
    	  <Transition Name="TrIndietro" Target="ElencoPersonaFisica"/>
      </Event>
  </State>

    <State Name="Pop" Final="true">
    </State>

</StateMachine>
