<?xml version="1.0" encoding="UTF-8"?>

<!DOCTYPE StateMachine PUBLIC "-//SELLA//DTD StateMachine 1.0//EN" "StateMachine.dtd">

<StateMachine Name="SettoreAdmin" Secure="true">

	<State Name="SettoreHomePage" Default="true">
		<Event Name="Conferma" Executer="it.sella.anagrafe.sm.admin.SettoreRicercaExecuter" Retrieve="CODICESOTTOGRUPPO">
			<Transition Name="TrConferma" Target="SettoreElencoPage"/>
			<Transition Name="TrNonConferma" Target="SettoreHomePage"/>
        </Event>
		<Event Name="Add" Clear="OPERATION,CODICESOTTOGRUPPO">
			<Transition Name="TrConferma" Target="SettoreInsertPage"/>
		</Event>
      	<Event Name="Annulla" Clear="OPERATION,CODICESOTTOGRUPPO">
			<Transition Name="TrConferma" Target="Pop"/>
		</Event>
	</State>
	<State Name="SettoreInsertPage">
		<Event Name="Conferma" Executer="it.sella.anagrafe.sm.admin.SettoreInsertExecuter" Retrieve="OPERATION,CODICESOTTOGRUPPO">
			<Transition Name="TrConferma" Target="SettoreConfermaPage"/>
			<Transition Name="TrNonConferma" Target="SettoreInsertPage"/>
        </Event>
		<Event Name="Indietro">
			<Transition Name="TrConferma" Target="SettoreHomePage"/>
		</Event>
      	<Event Name="Annulla" Clear="OPERATION,CODICESOTTOGRUPPO">
			<Transition Name="TrConferma" Target="Pop"/>
		</Event>
	</State>
	<State Name="SettoreElencoPage">
		<Event Name="Modifica" Executer="it.sella.anagrafe.sm.admin.SettoreDetailsExecuter" Retrieve="CODICESOTTOGRUPPO">
			<Transition Name="TrConferma" Target="SettoreDetailsPage"/>
			<Transition Name="TrNonConferma" Target="SettoreElencoPage"/>
        </Event>
		<Event Name="Indietro" Retrieve="CODICESOTTOGRUPPO">
			<Transition Name="TrConferma" Target="SettoreHomePage"/>
		</Event>
      	<Event Name="Annulla" Clear="OPERATION,CODICESOTTOGRUPPO">
			<Transition Name="TrConferma" Target="Pop"/>
		</Event>
	  	<Event Name="Elimina" Executer="it.sella.anagrafe.sm.admin.SettoreDetailsExecuter" Retrieve="OPERATION,CODICESOTTOGRUPPO">
			<Transition Name="TrConferma" Target="SettoreConfermaPage"/>
		</Event>
	</State>
	<State Name="SettoreDetailsPage">
		<Event Name="Conferma" Executer="it.sella.anagrafe.sm.admin.SettoreDetailsConfermaExecuter" Retrieve="OPERATION,CODICESOTTOGRUPPO">
			<Transition Name="TrConferma" Target="SettoreConfermaPage"/>
			<Transition Name="TrNonConferma" Target="SettoreDetailsPage"/>
        </Event>
		<Event Name="GoToRicerca" Executer="it.sella.anagrafe.sm.admin.SettoreIndietroExecuter" Retrieve="CODICESOTTOGRUPPO">
		    <Transition Name="TrRicerca" Target="SettoreElencoPage"/>
            <Transition Name="TrNonConferma" Target="SettoreDetailsPage"/>
        </Event>
      	<Event Name="Annulla" Clear="OPERATION,CODICESOTTOGRUPPO">
			<Transition Name="TrConferma" Target="Pop"/>
		</Event>
	</State>
	<State Name="SettoreConfermaPage">
		<Event Name="Indietro" Executer="it.sella.anagrafe.sm.admin.SettoreIndietroExecuter" Retrieve="CODICESOTTOGRUPPO">
            <Transition Name="TrModifica" Target="SettoreDetailsPage"/>
            <Transition Name="TrInserto" Target="SettoreInsertPage"/>
            <Transition Name="TrRicerca" Target="SettoreElencoPage"/>
        </Event>
       <Event Name="Conferma" Executer="it.sella.anagrafe.sm.admin.SettoreConfermaExecuter" Retrieve="OPERATION,CODICESOTTOGRUPPO">
			<Transition Name="TrConferma" Target="Pop"/>
			<Transition Name="TrNonConferma" Target="SettoreConfermaPage"/>
        </Event>
      	<Event Name="Annulla" Clear="OPERATION,CODICESOTTOGRUPPO">
			<Transition Name="TrConferma" Target="Pop"/>
		</Event>
	</State>
	<State Name="Pop" Final="true">

    </State>

    <IOParams>
        <Input Params=""/>
        <Output Params=""/>
    </IOParams>

</StateMachine>
