<?xml version="1.0" encoding="UTF-8"?>

<!DOCTYPE StateMachine PUBLIC "-//SELLA//DTD StateMachine 1.0//EN" "StateMachine.dtd">

<StateMachine Name="SoggettoAdmin" Secure="true">

  <State Name="Soggetto" Default="true">
      <Event Name="Conferma" Executer="it.sella.anagrafe.sm.admin.SoggettoExecuter" Retrieve="soggettoValues">
          <Transition Name="TrConferma" Target="SoggettoInsert"/>
          <Transition Name="TrNonConferma" Target="Soggetto"/>
      </Event>
      <Event Name="Annulla" Clear="soggettoValues">
          <Transition Name="TrConferma" Target="Pop"/>
      </Event>
  </State>

  <State Name="SoggettoInsert">
      <Event Name="Conferma" Executer="it.sella.anagrafe.sm.admin.SoggettoInsertExecuter" Retrieve="soggettoValues">
          <Transition Name="TrConferma" Target="SoggettoConferm"/>
          <Transition Name="TrNonConferma" Target="SoggettoInsert"/>
      </Event>
      <Event Name="Indietro" Retrieve="soggettoValues">
          <Transition Name="TrIndietro" Target="Soggetto"/>
      </Event>
  </State>

  <State Name="SoggettoConferm">
      <Event Name="Conferma" Executer="it.sella.anagrafe.sm.admin.SoggettoConfermExecuter" Retrieve="soggettoValues">
          <Transition Name="TrConferma" Target="Pop"/>
          <Transition Name="TrNonConferma" Target="SoggettoConferm"/>
      </Event>
      <Event Name="Indietro" Retrieve="soggettoValues">
          <Transition Name="TrIndietro" Target="SoggettoInsert"/>
      </Event>
  </State>

  <State Name="Pop" Final="true">
  </State>

  <IOParams>
	<Input Params=""/>
	<Output Params=""/>
  </IOParams>

</StateMachine>