<?xml version="1.0" encoding="UTF-8"?>

<!DOCTYPE StateMachine PUBLIC "-//SELLA//DTD StateMachine 1.0//EN" "StateMachine.dtd">

<StateMachine Name="TAEAdmin" Secure="true">
	<IOParams>
		<Input Params="" />
		<Output Params="" />
	</IOParams>


	<State Name="TAEAdminInput" Default="true">
			
		<Event Name="SearchConferma" Executer="it.sella.anagrafe.sm.admin.tae.TAESearchExecuter" Retrieve="TAE_ADMIN_VIEW">
			<Transition Name="TrConferma" Target="TAEModificationPage" />
			<Transition Name="TrNonConferma" Target="TAEAdminInput" />
		</Event>
		
		<Event Name="InsertConferma" Clear="TAE_ADMIN_VIEW">
			<Transition Name="TrConferma" Target="TAEAdminInsert" />
		</Event>
		
		<Event Name="Annulla" Clear="TAE_ADMIN_VIEW">
			<Transition Name="TrAnnulla" Target="Pop" />
		</Event>
	</State>

	<State Name="TAEModificationPage">
	
		<Event Name="DefaultEvent" Retrieve="TAE_ADMIN_VIEW,NEW_TAE_VIEW" Default="true" />
		
		<Event Name="Conferma" Executer="it.sella.anagrafe.sm.admin.tae.TAEModificaExecuter" Retrieve="TAE_ADMIN_VIEW,NEW_TAE_VIEW">
			<Transition Name="TrConferma" Target="TAEMODDELConfermaPage" />
			<Transition Name="TrNonConferma" Target="TAEModificationPage" />
		</Event>
		
		<Event Name="Delete">
            <Transition Name="TrConferma" Target="TAEDetailsDisplay" />
        </Event>
			
		<Event Name="Indietro" Clear="TAE_ADMIN_VIEW,NEW_TAE_VIEW">
			<Transition Name="TrIndietro" Target="TAEAdminInput" />
		</Event>
		        
	</State>
	
	<State Name="TAEDetailsDisplay">
	
		<Event Name="DefaultEvent" Retrieve="TAE_ADMIN_VIEW" Default="true" />
		
		<Event Name="Annulla" Clear="TAE_ADMIN_VIEW,NEW_TAE_VIEW">
            <Transition Name="TrAnnulla" Target="Pop"/>
        </Event>
	
		<Event Name="Indietro">
			<Transition Name="TrIndietro" Target="TAEModificationPage" />
		</Event>
		
        <Event Name="Delete" Executer="it.sella.anagrafe.sm.admin.tae.TAEDeleteConfermaExecuter" Retrieve="TAE_ADMIN_VIEW">
			<Transition Name="TrConferma" Target="TAEAdminInput" />
			<Transition Name="TrNonConferma" Target="TAEDetailsDisplay" />
		</Event>
		
	</State>
	
	<State Name="TAEMODDELConfermaPage">
	
		<Event Name="DefaultEvent" Retrieve="TAE_ADMIN_VIEW,NEW_TAE_VIEW" Default="true" />
		
		<Event Name="Conferma" Executer="it.sella.anagrafe.sm.admin.tae.TAEConfermaExecuter" Retrieve="TAE_ADMIN_VIEW,NEW_TAE_VIEW">
			<Transition Name="TrConferma" Target="TAEAdminInput" />
			<Transition Name="TrNonConferma" Target="TAEMODDELConfermaPage" />
		</Event>		
			
		<Event Name="Indietro">
			<Transition Name="TrIndietro" Target="TAEModificationPage" />
		</Event>
		
		<Event Name="Annulla" Clear="TAE_ADMIN_VIEW,NEW_TAE_VIEW">
			<Transition Name="TrAnnulla" Target="Pop"/>
		</Event>
		        
	</State>
	
	<State Name="TAEAdminInsert">
		
		<Event Name="InsertConferma" Executer="it.sella.anagrafe.sm.admin.tae.TAEInsertExecuter" Retrieve="EnteredTAEAdminView">
			<Transition Name="TrConferma" Target="TAEAdminInput" />
			<Transition Name="TrNonConferma" Target="TAEAdminInsert" />
		</Event>
		
		<Event Name="Indietro" Clear="EnteredTAEAdminView">
			<Transition Name="TrIndietro" Target="TAEAdminInput" />
		</Event>
		
		<Event Name="Annulla" Clear="EnteredTAEAdminView">
            <Transition Name="TrAnnulla" Target="Pop"/>
        </Event>
	
	</State>

	<State Name="Pop" Final="true">
	</State>

</StateMachine>