<?xml version="1.0" encoding="UTF-8"?>

<!DOCTYPE StateMachine PUBLIC "-//SELLA//DTD StateMachine 1.0//EN" "StateMachine.dtd">

<StateMachine Name="TransferConto" Secure="true">

    <State Name="TransferContoDefaultPage" Default="true">
        <Event Name="DefaultEvent" Default="true" Executer="it.sella.anagrafe.sm.transferconto.TransferContoDefaultExecuter">
            <Transition Name="TrDefault" Target="RicercaPF"/>
        </Event>
    </State>

    <State Name="RicercaPF" >
        <Event Name="Ricerca" Executer="it.sella.anagrafe.sm.transferconto.RicercaExecuter">
             <Transition Name="TrConferma" Target="ElencoPF"/>
             <Transition Name="TrNonConferma" Target="RicercaPF"/>
        </Event>
        <Event Name="Annulla" Clear="TRANSFER_CONTO">
             <Transition Name="TrAnnulla" Target="Pop"/>
        </Event>
    </State>

    <State Name="ElencoPF">
        <Event Name="Trovato" Executer="it.sella.anagrafe.sm.transferconto.TrovatoExecuter">
             <Transition Name="TrConferma" Target="DettaglioSoggetto"/>
             <Transition Name="TrNonConferma" Target="ElencoPF"/>
        </Event>
        <Event Name="Next" Executer="it.sella.anagrafe.sm.transferconto.NextPageExecuter">
             <Transition Name="TrConfrema" Target="ElencoPF"/>
        </Event>
        <Event Name="Annulla" Clear="TRANSFER_CONTO">
             <Transition Name="TrAnnulla" Target="Pop"/>
        </Event>
        <Event Name="ElencoIndietro" Executer="it.sella.anagrafe.sm.transferconto.IndietroExecuter">
             <Transition Name="TrIndietro" Target="RicercaPF"/>
        </Event>
    </State>

    <State Name="DettaglioSoggetto">
        <Event Name="Conferma" Executer="it.sella.anagrafe.sm.transferconto.DettaglioConfermaExecuter">
             <Transition Name="TrConferma" Target="DettaglioTransferConto"/>
             <Transition Name="TrNonConferma" Target="DettaglioSoggetto"/>
        </Event>
        <Event Name="NuovaSoggetto" Executer="it.sella.anagrafe.sm.transferconto.TrovatoExecuter">
             <Transition Name="TrConferma" Target="DettaglioSoggetto"/>
             <Transition Name="TrNonConferma" Target="DettaglioSoggetto"/>
        </Event>
        <Event Name="Annulla" Clear="TRANSFER_CONTO">
             <Transition Name="TrAnnulla" Target="Pop"/>
        </Event>
    </State>
	
	<State Name="DettaglioTransferConto">
        <Event Name="Conferma" Executer="it.sella.anagrafe.sm.transferconto.DettaglioTransferContoConfermaExecuter">
             <Transition Name="TrConferma" Target="TransferContoConfirmation"/>
             <Transition Name="TrNonConferma" Target="DettaglioTransferConto"/>
        </Event>
        <Event Name="Annulla" Clear="TRANSFER_CONTO">
             <Transition Name="TrAnnulla" Target="Pop"/>
        </Event>
        <Event Name="DettaglioIndietro" Executer="it.sella.anagrafe.sm.transferconto.IndietroExecuter">
             <Transition Name="TrIndietro" Target="DettaglioSoggetto"/>
        </Event>
	</State>

    <State Name="TransferContoConfirmation" >
        <Event Name="Conferma" Executer="it.sella.anagrafe.sm.transferconto.TransferContoConfermaExecuter">
             <Transition Name="TrConferma" Target="Pop"/>
             <Transition Name="TrNonConferma" Target="TransferContoConfirmation"/>
        </Event>
        <Event Name="Annulla" Clear="TRANSFER_CONTO">
             <Transition Name="TrAnnulla" Target="Pop"/>
        </Event>
        <Event Name="ConfirmaIndietro" Executer="it.sella.anagrafe.sm.transferconto.IndietroExecuter">
             <Transition Name="TrIndietro" Target="DettaglioTransferConto"/>
        </Event>
    </State>

    <State Name="Pop" Final="true">
    </State>

    <IOParams>
   		<Input Params="MAIN_SOGGETTO_ID:Long,IntDesc:String,IntNumbers:java.util.Collection,IntType:java.util.Collection,ContiId:java.util.Collection,ContiDip:java.util.Collection,richiesteCarteIdSoggetto:java.util.Hashtable,statiRichieste:java.util.Hashtable,statiRichiesteB:java.util.Hashtable"/>
   		<Output Params=""/>
    </IOParams>

</StateMachine>