<?xml version="1.0" encoding="UTF-8"?>

<!DOCTYPE StateMachine PUBLIC "-//SELLA//DTD StateMachine 1.0//EN" "StateMachine.dtd">

<StateMachine Name="USPersonDetails" Secure="true">

	 <State Name="USPersonDetailsDefaultPage" Default="true">
             <Event Name="DefaultEvent" Default="true" Executer="it.sella.anagrafe.sm.censimentow9.W9DefaultExecuter" >
                  <Transition Name="TrConferma" Target="USPersonDetails"/> 
                  <Transition Name="TrNonConferma" Target="Pop"/>
		      </Event>
      </State>
     
      <State Name="USPersonDetails">
      		 <Event Name="DefaultEvent" Retrieve="W9NOREASONCERTIFICATECOLL,W9NO_WARNING_MSG,ESENZIONEFATCACOLL,W9_NO_CERTI" Default="true"/>
             <Event Name="Conferma" Executer="it.sella.anagrafe.sm.censimentow9.W9ConfermaExecuter" Secure="true" >
             	 <Transition Name="TrStampa" Type="Push" Application="StampeOnLine" Target="Pop" InputParams="xmlData,documentoCode,ristampa,archiviazione" OutputParams="stampa"/>
                 <Transition Name="TrConferma" Target="Pop"/>
                 <Transition Name="TrNonConferma" Target="USPersonDetails"/>
		     </Event>
		     <Event Name="Annulla" Clear="W9_SOGGETTO_ID,CODICEFISCALEESTERO,NUMEROSICUREZZASOCIALAE,W9,W9LABELDISPLAY,ISFROMANAG,W9DETAILS,DATIANAG_DETAILS,W9NOREASONCERTIFICATECOLL,W9NO_WARNING_MSG,ESENZIONEFATCACOLL">
                  <Transition Name="TrConferma" Target="Pop"/>
		     </Event>
      </State>
     
      <State Name="Pop" Final="true">
      </State>

	  <IOParams>
	  	<Input Params="W9_SOGGETTO_ID:Long"/>
    	<Input Params="W9_SOGGETTO_ID:Long,CODICEFISCALEESTERO:String,NUMEROSICUREZZASOCIALAE:String,W9:String,W9LABELDISPLAY:String,ISFROMANAG:Boolean,DATIANAG_DETAILS:java.util.Hashtable"/>
    	<Output Params="W9DETAILS:java.util.Hashtable"/>
     </IOParams>

</StateMachine>
