<?xml version="1.0" encoding="UTF-8"?>

<!DOCTYPE StateMachine PUBLIC "-//SELLA//DTD StateMachine 1.0//EN" "StateMachine.dtd">

<StateMachine Name="VariazioneCliente" Secure="true">

	<State Name="VariazioneClienteDefault" Default="true">
		<Event Name="VariazioneDefault" Executer="it.sella.anagrafe.sm.variazionecliente.VariazioneClienteExecuter" Default="true">
			<Transition Name="TrVariazionePF" InputParams="intranetSoggettoId" OutputParams="," Target="Dummy" Type="Push" Application="CensimentoPF"/>
		    <Transition Name="TrVariazionePL" InputParams="variazionePLSoggettoId" OutputParams="," Target="Dummy" Type="Push" Application="CensimentoPL"/>
	        <Transition Name="TrVariazioneAZ" InputParams="variazioneAziendaSoggettoId" OutputParams="," Target="Dummy" Type="Push" Application="CensimentoAZ"/>
	        <Transition Name="TrNonConferma" Target="Dummy"/>
		</Event>
	</State>

	<State Name="Dummy" Clear="intranetSoggettoId,variazionePLSoggettoId,variazioneAziendaSoggettoId" >
		<Event Name="DefaultEvent" Default="true">
			<Transition Name="TrConferma" Target="Pop"/>
		</Event>
	</State>
	<State Name="Pop" Final="true">
  	</State>

	 <IOParams>
	 	<Input Params="idSoggetto:Long" />
		<Output Params="" />
	</IOParams>


</StateMachine>