<?xml version="1.0" encoding="UTF-8"?>

<!DOCTYPE StateMachine PUBLIC "-//SELLA//DTD StateMachine 1.0//EN" "StateMachine.dtd">

<StateMachine Name="VariazionePFInternet" Secure="true">

    <State Name = "RicercaSoggettoID" Default="true">
      <Event Name="DefaultEvent" Executer="it.sella.anagrafe.sm.censimentopfinternet.DettaglioPFSInternetExecuter">
        <Transition Name="TrNonConfrema" Target="PopTheApplication"/>
        <Transition Name="TrConferma" Target="VARModificaPersonaFisica"/>
      </Event>
    </State>

    <State Name="PopTheApplication" Final="true">
    </State>

    <State Name="VARModificaPersonaFisica">
      <Event Name="DomicilioModifica" Executer="it.sella.anagrafe.sm.censimentopfinternet.RiepilogoRedirectITExecuter" >
        <Transition Name="TrConferma" Target="GestioneIndirizzo(Domicilio)"/>
      </Event>
      <Event Name="Conferma" Executer = "it.sella.anagrafe.sm.censimentopfinternet.RiepilogoPersonaFisicaPFSITExecuter">
        <Transition Name="TrNonConferma" Target="VARModificaPersonaFisica"/>
        <Transition Name="TrConferma" Target="PopTheApplication"/>
      </Event>
      <Event Name="attributiEsterniModifica" Executer="it.sella.anagrafe.sm.censimentopfinternet.RiepilogoRedirectITExecuter" >
      	<Transition Name="TrConferma" Target="GestioneAttributiEsterniPF"/>
      </Event>
      <Event Name="PostaleModifica" Executer="it.sella.anagrafe.sm.censimentopfinternet.RiepilogoRedirectITExecuter" >
      	<Transition Name="TrConferma" Target="GestioneIndirizzo(Postale)"/>
      </Event>
      <Event Name="recapitiModifica" Executer="it.sella.anagrafe.sm.censimentopfinternet.RiepilogoRedirectITExecuter" >
      	<Transition Name="TrConferma" Target="GestioneRecapiti"/>
      </Event>
      <Event Name="datiPrivacyModifica" Executer="it.sella.anagrafe.sm.censimentopfinternet.RiepilogoRedirectITExecuter" >
	      <Transition Name="TrConferma" Target="GestioneDatiPrivacy"/>
      </Event>
    </State>

    <State Name="GestioneAttributiEsterniPF" >
      <Event Name="Annulla" Executer="it.sella.anagrafe.sm.censimento_pf.AnnullaPFExecuter" >
	      <Transition Name="TrAnnulla" Target="VARModificaPersonaFisica"/>
      </Event>
      <Event Name="Conferma" Executer="it.sella.anagrafe.sm.censimentopfinternet.AttributiEsterniPFITExecuter" >
        <Transition Name="TrConferma" Target="VARModificaPersonaFisica"/>
        <Transition Name="TrNonConferma" Target="GestioneAttributiEsterniPF"/>
      </Event>
    </State>

    <State Name="GestioneIndirizzo(Domicilio)">
      <Event Name="Annulla" Executer="it.sella.anagrafe.sm.censimento_pf.AnnullaPFExecuter" >
        <Transition Name="TrAnnulla" Target="VARModificaPersonaFisica"/>
      </Event>
      <Event Name="Conferma" Executer = "it.sella.anagrafe.sm.censimentopfinternet.IndirizzoDomicilioPFITExecuter">
        <Transition Name="TrConferma" Target="VARModificaPersonaFisica"/>
        <Transition Name="TrNonConferma" Target="GestioneIndirizzo(Domicilio)"/>
      </Event>
    </State>

    <State Name="GestioneIndirizzo(Postale)">
	    <Event Name="Annulla" Executer="it.sella.anagrafe.sm.censimento_pf.AnnullaPFExecuter" >
    	  <Transition Name="TrAnnulla" Target="VARModificaPersonaFisica"/>
  	  </Event>
    	<Event Name="Conferma" Executer= "it.sella.anagrafe.sm.censimentopfinternet.IndirizzoPostalePFITExecuter">
      	<Transition Name="TrNonConferma" Target="GestioneIndirizzo(Postale)"/>
      	<Transition Name="TrConferma" Target="VARModificaPersonaFisica"/>
    	</Event>
    </State>

    <State Name="GestioneDatiPrivacy" >
      <Event Name="Annulla" Executer="it.sella.anagrafe.sm.censimento_pf.AnnullaPFExecuter" >
        <Transition Name="TrAnnulla" Target="VARModificaPersonaFisica"/>
      </Event>
      <Event Name="Conferma" Executer = "it.sella.anagrafe.sm.censimentopfinternet.DatiPrivacyPFITExecuter">
        <Transition Name="TrNonConferma" Target="GestioneDatiPrivacy"/>
        <Transition Name="TrConferma" Target="VARModificaPersonaFisica"/>
      </Event>
    </State>

    <State Name="GestioneRecapiti" >
      <Event Name="Conferma" Executer="it.sella.anagrafe.sm.censimentopfinternet.RecapitiPFConfermaITExecutor">
        <Transition Name="TrConferma" Target="VARModificaPersonaFisica"/>
        <Transition Name="TrNonConferma" Target="GestioneRecapiti"/>
      </Event>
      <Event Name="Annulla" Executer="it.sella.anagrafe.sm.censimento_pf.AnnullaPFExecuter" >
        <Transition Name="TrAnnulla" Target="VARModificaPersonaFisica"/>
      </Event>
      <Event Name="Elimina" Executer="it.sella.anagrafe.sm.censimentopfinternet.RecapitiPFEliminaITExecutor">
        <Transition Name="TrConfrema" Target="GestioneRecapiti"/>
      </Event>
      <Event Name="Aggiungi" >
        <Transition Name="TrAggiungi" Target="AddingRecapiti"/>
      </Event>
      <Event Name="Modifica" Executer="it.sella.anagrafe.sm.censimentopfinternet.RecapitiPFModificaITExecutor">
        <Transition Name="TrModifica" Target="AddingRecapiti"/>
      </Event>
    </State>

    <State Name="AddingRecapiti">
      <State Name="DettaglioRecapito" Default="true">
        <Event Name="Annulla" Executer="it.sella.anagrafe.sm.censimento_pf.AnnullaPFExecuter" >
          <Transition Name="TrAnnulla" Target="GestioneRecapiti"/>
        </Event>
        <Event Name="Conferma" Executer="it.sella.anagrafe.sm.censimentopfinternet.RecapitiPFAggiungiITExecutor">
          <Transition Name="TrConferma" Target="GestioneRecapiti"/>
          <Transition Name="TrModifica" Target="VARModificaPersonaFisica"/>
        </Event>
      </State>
    </State>

</StateMachine>

