<?xml version="1.0" encoding="UTF-8"?>

<!DOCTYPE StateMachine PUBLIC "-//SELLA//DTD StateMachine 1.0//EN" "StateMachine.dtd">

<StateMachine Name="WebBeanAdmin" Secure="true">

	<State Name="WebBeanHomePage" Default="true">
		<Event Name="Annulla" Clear="INFORMAZIONE_MANAGER">
			<Transition Name="TrConferma" Target="Pop"/>
		</Event>
		<Event Name="ResetMethod" Retrieve="INFORMAZIONE_MANAGER">
			<Transition Name="TrConferma" Target="Dummy"/>
		</Event>
		<Event Name="LoadMethods" Executer="it.sella.anagrafe.sm.admin.WebBeanRicercaExecuter" Retrieve="INFORMAZIONE_MANAGER">
			<Transition Name="TrConferma" Target="WebBeanHomePage"/>
			<Transition Name="TrNonConferma" Target="WebBeanHomePage"/>
		</Event>
		<Event Name="Conferma" Executer="it.sella.anagrafe.sm.admin.WebBeanRicercaExecuter" Retrieve="INFORMAZIONE_MANAGER">
			<Transition Name="TrConferma" Target="Dummy"/>
			<Transition Name="TrNonConferma" Target="WebBeanHomePage"/>
		</Event>
	</State>
	
    <State Name="Dummy" >
      	<Event Name="DefaultEvent" Executer="it.sella.anagrafe.sm.admin.WebBeanRicercaExecuter" Retrieve="INFORMAZIONE_MANAGER">
             <Transition Name="TrConferma" Target="WebBeanHomePage"/>
             <Transition Name="TrNonConferma" Target="WebBeanHomePage"/>
       	</Event>
    </State>
	
	<State Name="Pop" Final="true">
    </State>

    <IOParams>
        <Input Params=""/>
        <Output Params=""/>
    </IOParams>
   
</StateMachine>	
